Team,Outcome,Task_Completed,All_Tasks_Completed,Murdered,Imposter_Kills,Game_Length,Ejected,Sabotages_Fixed,Time_to_complete_all_tasks
Crewmate,Win,3,No,Yes,,424,No,2.0,
Crewmate,Loss,7,Yes,No,,981,No,1.0,09m 48s
Crewmate,Win,3,No,No,,693,No,0.0,
Imposter,Win,,,,2,485,No,,
Crewmate,Loss,4,No,No,,310,No,0.0,
Crewmate,Loss,7,Yes,Yes,,982,No,0.0,12m 16s
Crewmate,Loss,8,Yes,Yes,,1301,No,1.0,18m 38s
Crewmate,Win,8,Yes,No,,1123,Yes,0.0,07m 48s
Crewmate,Win,7,Yes,Yes,,795,No,0.0,13m 15s
Crewmate,Loss,7,Yes,Yes,,763,No,0.0,12m 43s
Crewmate,Win,4,No,Yes,,660,No,0.0,
Crewmate,Win,7,Yes,No,,1063,No,0.0,11m 59s
Crewmate,Loss,6,No,Yes,,826,No,0.0,
Imposter,Loss,,,,3,952,Yes,,
Crewmate,Win,7,Yes,Yes,,1134,No,1.0,11m 09s
Crewmate,Loss,7,Yes,Yes,,480,No,0.0,01m 41s
Crewmate,Win,7,Yes,Yes,,1086,No,0.0,09m 34s
Crewmate,Win,7,Yes,Yes,,778,No,1.0,09m 03s
Crewmate,Win,7,Yes,Yes,,897,No,0.0,14m 50s
Crewmate,Loss,7,Yes,Yes,,663,No,0.0,10m 34s
Crewmate,Loss,2,No,Yes,,883,No,0.0,
Crewmate,Loss,3,No,Yes,,514,No,1.0,
Crewmate,Loss,8,Yes,No,,332,No,0.0,05m 32s
Crewmate,Win,8,Yes,Yes,,1004,No,0.0,14m 45s
Crewmate,Loss,8,Yes,Yes,,551,No,1.0,08m 29s
Crewmate,Loss,8,Yes,Yes,,890,No,0.0,05m 56s
Crewmate,Loss,8,Yes,Yes,,1069,No,0.0,17m 12s
Imposter,Loss,,,,2,1081,No,,
Crewmate,Win,8,Yes,Yes,,710,No,1.0,06m 00s
Crewmate,Win,5,Yes,No,,566,No,2.0,08m 16s
Crewmate,Win,1,No,No,,188,No,1.0,
Imposter,Loss,,,,1,155,Yes,,
Crewmate,Win,1,No,No,,147,No,0.0,
Crewmate,Win,3,No,No,,293,No,1.0,
Crewmate,Win,1,No,Yes,,324,No,0.0,
Imposter,Loss,,,,2,1179,No,,
Crewmate,Loss,2,No,Yes,,619,No,0.0,
Imposter,Win,,,,5,763,No,,
Crewmate,Win,8,Yes,No,,841,No,1.0,09m 28s
Imposter,Win,,,,1,950,No,,
Crewmate,Win,3,No,No,,778,No,0.0,
Imposter,Loss,,,,2,899,No,,
Crewmate,Win,8,Yes,No,,677,No,2.0,11m 16s
Crewmate,Win,8,Yes,Yes,,1335,No,3.0,14m 00s
Imposter,Loss,,,,2,774,Yes,,
Crewmate,Win,5,No,Yes,,912,No,0.0,
Crewmate,Win,4,No,No,,576,No,0.0,
Imposter,Win,,,,1,1096,No,,
Crewmate,Win,5,No,No,,628,No,0.0,
Crewmate,Win,7,No,No,,723,No,0.0,
Crewmate,Win,7,No,No,,930,No,1.0,
Imposter,Win,,,,3,715,No,,
Crewmate,Loss,8,Yes,Yes,,722,No,0.0,05m 28s
Crewmate,Loss,6,No,No,,860,No,0.0,
Crewmate,Loss,8,Yes,No,,782,No,0.0,08m 50s
Crewmate,Loss,7,No,No,,313,No,0.0,
Crewmate,Win,7,No,Yes,,405,No,0.0,
Imposter,Win,,,,2,756,No,,
Imposter,Loss,,,,1,88,Yes,,
Crewmate,Loss,6,No,Yes,,314,No,1.0,
Crewmate,Win,8,Yes,No,,466,No,0.0,07m 46s
Crewmate,Loss,7,Yes,Yes,,1178,No,1.0,11m 00s
Crewmate,Loss,7,Yes,Yes,,739,No,1.0,09m 01s
Imposter,Win,,,,3,535,No,,
Crewmate,Win,8,Yes,Yes,,1106,No,1.0,14m 32s
Crewmate,Loss,8,Yes,Yes,,1022,No,0.0,09m 26s
Crewmate,Win,5,No,No,,347,No,0.0,
Imposter,Win,,,,5,340,No,,
Crewmate,Win,7,Yes,No,,632,No,0.0,05m 15s
Crewmate,Win,5,No,No,,648,No,1.0,
Crewmate,Loss,7,Yes,Yes,,764,No,0.0,12m 43s
Imposter,Win,,,,2,466,No,,
Imposter,Win,,,,0,0,No,,
Crewmate,Loss,1,No,Yes,,110,No,0.0,
Crewmate,Loss,7,No,Yes,,534,No,0.0,
Crewmate,Win,8,Yes,Yes,,1453,No,1.0,13m 26s
Imposter,Loss,,,,2,634,Yes,,
Crewmate,Win,3,No,Yes,,947,No,0.0,
Crewmate,Win,7,Yes,Yes,,735,No,0.0,05m 28s
Crewmate,Win,7,Yes,No,,1018,No,0.0,14m 00s
Crewmate,Win,8,Yes,Yes,,1040,No,0.0,04m 59s
Imposter,Loss,,,,1,691,No,,
Crewmate,Win,4,No,No,,688,No,1.0,
Crewmate,Loss,4,No,Yes,,753,No,0.0,
Crewmate,Win,8,Yes,Yes,,1262,No,0.0,14m 07s
Crewmate,Loss,7,No,Yes,,520,No,0.0,
Crewmate,Win,4,No,No,,470,No,1.0,
Crewmate,Win,8,Yes,No,,737,No,0.0,08m 17s
Crewmate,Loss,7,No,No,,623,No,1.0,
Imposter,Win,,,,2,719,No,,
Imposter,Win,,,,2,49,No,,
Imposter,Win,,,,3,527,No,,
Crewmate,Loss,6,No,Yes,,763,No,0.0,
Crewmate,Loss,7,Yes,Yes,,1297,No,0.0,13m 10s
Crewmate,Loss,7,No,Yes,,700,No,1.0,
Crewmate,Win,8,Yes,Yes,,689,No,0.0,05m 01s
Crewmate,Win,8,Yes,No,,691,No,0.0,05m 45s
Crewmate,Win,8,Yes,No,,636,No,0.0,06m 55s
Crewmate,Loss,8,Yes,Yes,,672,No,0.0,07m 43s
Imposter,Win,,,,4,1283,No,,
Crewmate,Win,3,No,No,,310,No,0.0,
Crewmate,Win,2,No,Yes,,491,No,0.0,
Crewmate,Loss,7,Yes,Yes,,664,No,0.0,06m 32s
Imposter,Loss,,,,2,336,No,,
Crewmate,Loss,7,Yes,Yes,,826,No,1.0,05m 46s
Crewmate,Loss,7,Yes,Yes,,596,No,0.0,06m 29s
Imposter,Loss,,,,3,904,No,,
Crewmate,Win,7,Yes,Yes,,372,No,1.0,05m 53s
Crewmate,Win,4,No,No,,484,No,1.0,
Crewmate,Loss,9,No,Yes,,307,No,0.0,04m 27s
Crewmate,Win,9,Yes,No,,638,No,1.0,04m 13s
Crewmate,Win,8,Yes,No,,1173,No,3.0,09m 01s
Crewmate,Loss,7,Yes,Yes,,795,No,0.0,05m 35s
Crewmate,Win,7,Yes,Yes,,796,No,0.0,08m 01s
Imposter,Loss,,,,1,660,Yes,,
Imposter,Loss,,,,1,1081,Yes,,
Imposter,Win,,,,2,865,No,,
Crewmate,Win,7,Yes,No,,1013,No,2.0,05m 07s
Crewmate,Win,7,Yes,Yes,,1165,No,1.0,11m 44s
Crewmate,Win,7,Yes,Yes,,506,No,1.0,04m 43s
Crewmate,Win,7,Yes,Yes,,773,No,0.0,04m 36s
Crewmate,Win,7,Yes,No,,741,No,1.0,04m 56s
Crewmate,Loss,7,Yes,No,,294,No,0.0,04m 40s
Crewmate,Win,4,No,Yes,,306,No,1.0,
Crewmate,Win,7,Yes,No,,549,No,0.0,04m 55s
Crewmate,Loss,7,Yes,Yes,,848,No,0.0,03m 52s
Crewmate,Win,8,No,Yes,,357,No,0.0,02m 46s
Crewmate,Win,7,Yes,No,,1049,No,0.0,11m 27s
Imposter,Loss,,,,3,411,No,,
Crewmate,Win,7,Yes,No,,429,No,0.0,03m 48s
Crewmate,Win,7,Yes,Yes,,283,No,0.0,03m 34s
Crewmate,Win,2,No,No,,261,No,0.0,03m 48s
Crewmate,Win,8,Yes,Yes,,600,No,0.0,04m 15s
Crewmate,Loss,4,No,Yes,,227,No,0.0,
Crewmate,Loss,8,Yes,Yes,,322,No,0.0,05m 17s
Imposter,Loss,,,,0,436,No,,
Imposter,Loss,,,,2,530,Yes,,
Crewmate,Loss,3,No,No,,66,No,1.0,
Crewmate,Loss,4,No,No,,330,No,0.0,02m 05s
Crewmate,Win,5,No,No,,383,No,0.0,00m 40s
Crewmate,Loss,3,No,No,,36,No,0.0,
Imposter,Win,,,,3,48,No,,
Imposter,Win,,,,2,145,No,,
Imposter,Win,,,,1,291,No,,
Imposter,Win,,,,2,102,No,,
Crewmate,Loss,5,Yes,No,,439,No,2.0,02m 23s
Crewmate,Loss,0,No,No,,84,No,1.0,
Crewmate,Loss,3,No,Yes,,148,No,2.0,
Crewmate,Loss,8,Yes,Yes,,1249,No,0.0,14m 23s
Crewmate,Win,8,Yes,No,,910,No,2.0,14m 02s
Crewmate,Loss,8,Yes,No,,449,No,0.0,06m 01s
Crewmate,Loss,6,No,No,,350,No,0.0,
Crewmate,Loss,9,Yes,No,,1263,No,2.0,06m 37s
Crewmate,Win,9,Yes,No,,705,No,0.0,05m 43s
Crewmate,Loss,5,Yes,Yes,,348,No,0.0,05m 47s
Crewmate,Win,3,No,No,,125,No,1.0,
Crewmate,Loss,4,No,Yes,,434,No,1.0,
Crewmate,Loss,4,No,Yes,,331,No,1.0,
Imposter,Loss,,,,2,275,Yes,,
Crewmate,Loss,1,No,Yes,,55,No,0.0,
Crewmate,Win,0,No,No,,304,No,0.0,
Imposter,Win,,,,3,215,No,,
Crewmate,Win,0,No,Yes,,576,No,0.0,
Imposter,Win,,,,2,192,No,,
Crewmate,Loss,0,No,Yes,,120,No,0.0,
Crewmate,Win,5,Yes,No,,386,No,0.0,03m 13s
Crewmate,Win,2,No,No,,152,No,0.0,
Crewmate,Loss,0,No,Yes,,117,No,0.0,
Imposter,Loss,,,,2,506,Yes,,
Imposter,Win,,,,4,372,No,,
Crewmate,Win,4,No,No,,459,No,0.0,
Crewmate,Loss,2,No,No,,211,No,1.0,
Crewmate,Win,5,Yes,No,,337,No,0.0,04m 02s
Crewmate,Win,4,No,Yes,,336,No,1.0,04m 39s
Crewmate,Win,6,No,No,,481,No,1.0,
Imposter,Loss,,,,1,1042,No,,
Crewmate,Loss,7,Yes,Yes,,627,No,0.0,08m 58s
Crewmate,Win,5,No,No,,869,No,1.0,
Crewmate,Loss,5,Yes,Yes,,430,No,0.0,05m 17s
Crewmate,Win,3,No,No,,283,No,0.0,
Imposter,Win,,,,2,419,No,,
Crewmate,Win,6,Yes,No,,624,No,2.0,01m 31s
Crewmate,Win,6,Yes,No,,388,No,1.0,04m 05s
Imposter,Win,,,,2,131,No,,
Imposter,Win,,,,1,29,No,,
Crewmate,Loss,0,No,No,,21,No,0.0,
Crewmate,Win,4,No,No,,447,No,1.0,04m 35s
Crewmate,Loss,2,No,No,,150,No,0.0,
Crewmate,Win,4,No,No,,164,No,0.0,
Crewmate,Loss,8,Yes,Yes,,1112,No,1.0,11m 33s
Crewmate,Win,8,Yes,No,,641,No,1.0,03m 13s
Imposter,Win,,,,1,462,No,,
Crewmate,Loss,8,Yes,Yes,,798,No,0.0,12m 59s
Crewmate,Loss,8,Yes,Yes,,1262,No,1.0,08m 17s
Imposter,Win,,,,3,811,No,,
Crewmate,Win,4,No,No,,370,No,0.0,
Crewmate,Win,8,Yes,Yes,,1264,No,0.0,08m 49s
Crewmate,Win,8,Yes,No,,754,No,0.0,05m 36s
Imposter,Loss,,,,3,1520,Yes,,
Crewmate,Loss,8,Yes,Yes,,687,No,0.0,07m 47s
Crewmate,Win,7,Yes,Yes,,793,No,1.0,10m 05s
Imposter,Loss,,,,3,518,No,,
Imposter,Win,,,,3,450,No,,
Crewmate,Loss,7,Yes,Yes,,1099,No,0.0,07m 13s
Crewmate,Win,6,Yes,Yes,,642,No,0.0,05m 07s
Crewmate,Win,3,No,No,,311,No,1.0,
Crewmate,Loss,5,No,Yes,,298,No,0.0,
Imposter,Loss,,,,0,217,Yes,,
Crewmate,Win,1,No,Yes,,79,No,0.0,
Crewmate,Loss,3,No,Yes,,131,No,0.0,02m 05s
Crewmate,Win,7,Yes,Yes,,569,No,0.0,06m 56s
Crewmate,Loss,6,No,Yes,,187,No,0.0,
Imposter,Loss,,,,3,700,Yes,,
Imposter,Win,,,,4,587,No,,
Crewmate,Loss,2,No,No,,632,No,2.0,
Crewmate,Win,1,No,Yes,,238,No,0.0,
Imposter,Win,,,,2,526,No,,
Crewmate,Loss,3,No,No,,247,Yes,0.0,
Crewmate,Loss,5,No,No,,331,No,1.0,
Imposter,Win,,,,2,480,No,,
Crewmate,Win,2,No,No,,426,No,0.0,
Crewmate,Loss,5,No,Yes,,300,No,1.0,
Imposter,Win,,,,2,468,No,,
Crewmate,Win,4,No,Yes,,211,No,0.0,
Crewmate,Loss,5,No,Yes,,327,No,1.0,
Imposter,Win,,,,3,709,No,,
Crewmate,Win,7,Yes,No,,830,No,1.0,07m 59s
Crewmate,Win,7,Yes,Yes,,795,No,2.0,11m 18s
Crewmate,Win,6,No,No,,384,No,0.0,
Crewmate,Win,5,No,Yes,,469,No,1.0,
Crewmate,Loss,8,Yes,Yes,,743,No,3.0,07m 25s
Imposter,Win,,,,2,563,No,,
Crewmate,Win,8,Yes,No,,1073,No,1.0,09m 24s
Imposter,Loss,,,,1,865,No,,
Crewmate,Loss,8,Yes,Yes,,649,No,0.0,05m 58s
Crewmate,Win,7,No,No,,873,No,0.0,
Crewmate,Loss,8,Yes,No,,712,No,0.0,08m 46s
Crewmate,Win,8,Yes,No,,1137,No,0.0,08m 17s
Imposter,Win,,,,1,504,No,,
Crewmate,Loss,6,No,Yes,,687,No,0.0,
Crewmate,Win,8,Yes,No,,723,No,0.0,03m 27s
Imposter,Loss,,,,2,753,Yes,,
Crewmate,Loss,2,No,No,,630,No,0.0,
Crewmate,Loss,7,No,Yes,,495,No,0.0,
Imposter,Loss,,,,4,881,No,,
Imposter,Loss,,,,1,824,No,,
Imposter,Win,,,,4,615,No,,
Crewmate,Win,7,No,No,,1013,No,0.0,
Crewmate,Loss,6,No,No,,461,No,0.0,
Crewmate,Win,8,Yes,Yes,,1173,No,2.0,15m 37s
Imposter,Loss,,,,1,976,No,,
Crewmate,Win,8,Yes,No,,795,No,0.0,09m 51s
Imposter,Loss,,,,4,967,No,,
Imposter,Loss,,,,3,1017,No,,
Crewmate,Win,4,No,No,,326,No,0.0,
Crewmate,Win,5,No,Yes,,1004,No,0.0,
Crewmate,Loss,7,Yes,Yes,,1171,No,0.0,07m 32s
Crewmate,Loss,3,No,Yes,,221,No,0.0,
Crewmate,Win,7,Yes,Yes,,1151,No,0.0,07m 15s
Crewmate,Win,0,No,No,,39,No,0.0,
Crewmate,Win,7,Yes,Yes,,849,No,0.0,08m 07s
Imposter,Win,,,,1,641,Yes,,
Crewmate,Win,7,Yes,Yes,,938,No,0.0,13m 28s
Crewmate,Loss,6,No,Yes,,650,No,0.0,
Crewmate,Loss,5,No,No,,563,Yes,0.0,
Imposter,Win,,,,2,273,No,,
Crewmate,Loss,7,Yes,No,,689,No,0.0,10m 46s
Crewmate,Win,7,Yes,Yes,,884,No,0.0,08m 31s
Imposter,Win,,,,1,157,No,,
Crewmate,Loss,4,No,No,,615,No,1.0,
Crewmate,Loss,7,Yes,No,,1178,Yes,0.0,10m 18s
Crewmate,Loss,7,Yes,Yes,,757,No,0.0,05m 46s
Crewmate,Loss,7,Yes,Yes,,574,No,0.0,05m 57s
Crewmate,Win,8,Yes,No,,1106,No,0.0,14m 40s
Crewmate,Loss,8,Yes,Yes,,1022,No,0.0,09m 08s
Crewmate,Win,7,No,Yes,,382,No,0.0,
Crewmate,Loss,5,No,Yes,,340,No,1.0,
Crewmate,Win,7,Yes,Yes,,632,No,0.0,05m 20s
Crewmate,Win,7,Yes,No,,1012,No,0.0,07m 04s
Crewmate,Win,6,No,Yes,,649,No,0.0,
Crewmate,Loss,7,Yes,No,,793,No,0.0,05m 13s
Imposter,Win,,,,2,505,No,,
Crewmate,Win,7,Yes,No,,1316,No,0.0,18m 05s
Crewmate,Loss,7,Yes,No,,936,No,1.0,06m 01s
Imposter,Loss,,,,2,962,No,,
Crewmate,Win,7,Yes,No,,834,No,0.0,05m 42s
Crewmate,Win,7,Yes,Yes,,759,No,0.0,05m 41s
Crewmate,Win,7,Yes,Yes,,1117,No,0.0,16m 37s
Crewmate,Win,7,Yes,No,,1017,No,1.0,10m 04s
Crewmate,Win,7,Yes,No,,1600,No,0.0,09m 19s
Crewmate,Loss,7,Yes,Yes,,1556,No,0.0,09m 45s
Crewmate,Loss,6,No,No,,771,No,0.0,
Crewmate,Loss,7,Yes,Yes,,506,No,0.0,04m 30s
Crewmate,Loss,7,Yes,Yes,,803,No,0.0,09m 30s
Crewmate,Win,7,Yes,No,,1164,No,0.0,13m 08s
Crewmate,Win,1,No,No,,127,No,0.0,
Crewmate,Loss,6,No,No,,1196,No,1.0,
Crewmate,Loss,8,Yes,Yes,,660,No,0.0,08m 54s
Crewmate,Win,8,Yes,No,,790,No,0.0,09m 32s
Crewmate,Loss,8,Yes,No,,992,No,2.0,10m 48s
Crewmate,Win,1,No,No,,313,No,1.0,
Crewmate,Loss,4,No,Yes,,273,No,0.0,04m 01s
Crewmate,Win,0,No,Yes,,226,No,1.0,
Crewmate,Loss,3,No,Yes,,260,No,0.0,
Imposter,Loss,,,,2,151,Yes,,
Crewmate,Win,2,No,No,,160,No,0.0,
Imposter,Win,,,,3,227,No,,
Crewmate,Win,0,No,Yes,,161,No,1.0,
Crewmate,Win,4,No,Yes,,292,No,0.0,02m 46s
Crewmate,Win,8,Yes,No,,1263,No,1.0,08m 37s
Imposter,Win,,,,3,552,No,,
Crewmate,Win,2,No,No,,488,No,0.0,
Crewmate,Win,8,Yes,Yes,,757,No,0.0,08m 48s
Crewmate,Loss,8,Yes,No,,639,Yes,1.0,07m 39s
Crewmate,Loss,5,No,No,,669,No,0.0,
Imposter,Loss,,,,2,1212,No,,
Crewmate,Loss,8,Yes,Yes,,973,No,0.0,05m 26s
Imposter,Loss,,,,2,1049,No,,
Crewmate,Win,8,Yes,No,,811,No,0.0,07m 25s
Crewmate,Loss,8,Yes,Yes,,1082,No,0.0,14m 28s
Imposter,Win,,,,2,629,No,,
Crewmate,Win,4,No,Yes,,568,No,0.0,
Crewmate,Win,4,No,Yes,,353,No,0.0,
Crewmate,Loss,8,Yes,No,,1088,No,0.0,08m 09s
Crewmate,Loss,8,Yes,No,,491,No,0.0,08m 06s
Crewmate,Win,8,Yes,No,,1152,No,0.0,11m 25s
Crewmate,Win,7,Yes,No,,1279,No,0.0,05m 27s
Crewmate,Win,7,Yes,No,,872,No,0.0,09m 23s
Crewmate,Loss,3,No,No,,366,Yes,0.0,
Crewmate,Win,8,Yes,No,,581,No,0.0,08m 48s
Crewmate,Win,8,Yes,Yes,,781,No,0.0,08m 51s
Crewmate,Win,3,No,No,,238,No,0.0,
Crewmate,Loss,7,Yes,No,,906,No,1.0,11m 20s
Imposter,Win,,,,3,697,No,,
Imposter,Win,,,,3,588,No,,
Imposter,Win,,,,2,511,No,,
Imposter,Loss,,,,2,963,No,,
Crewmate,Loss,3,No,Yes,,626,No,0.0,
Crewmate,Win,5,No,Yes,,443,No,0.0,
Crewmate,Loss,4,No,Yes,,461,No,0.0,
Crewmate,Win,5,No,No,,1173,No,1.0,
Imposter,Loss,,,,2,326,No,,
Crewmate,Win,1,No,No,,196,No,0.0,
Crewmate,Loss,1,No,No,,178,Yes,0.0,
Imposter,Win,,,,1,113,No,,
Crewmate,Win,3,No,No,,240,No,0.0,
Imposter,Win,,,,2,149,No,,
Imposter,Win,,,,5,343,No,,
Crewmate,Loss,6,No,Yes,,494,No,0.0,
Crewmate,Loss,5,No,Yes,,439,No,0.0,
Imposter,Win,,,,3,924,No,,
Crewmate,Win,5,No,Yes,,692,No,0.0,
Crewmate,Win,4,No,No,,805,No,0.0,
Crewmate,Win,2,No,No,,169,No,0.0,
Imposter,Win,,,,4,1184,No,,
Crewmate,Win,6,Yes,No,,450,No,0.0,05m 18s
Crewmate,Loss,4,No,Yes,,488,No,1.0,
Crewmate,Loss,7,Yes,Yes,,582,No,0.0,04m 44s
Imposter,Loss,,,,2,599,No,,
Crewmate,Win,7,Yes,Yes,,857,No,0.0,06m 45s
Crewmate,Win,0,No,No,,193,No,0.0,
Crewmate,Loss,2,No,No,,187,No,1.0,
Crewmate,Win,5,Yes,No,,366,No,0.0,03m 30s
Imposter,Loss,,,,3,1188,No,,
Crewmate,Win,7,Yes,No,,1123,No,1.0,12m 48s
Crewmate,Win,2,No,No,,747,No,0.0,
Crewmate,Win,5,No,Yes,,631,No,0.0,
Crewmate,Win,7,Yes,Yes,,962,No,0.0,13m 21s
Crewmate,Win,7,Yes,Yes,,1006,No,0.0,11m 17s
Crewmate,Loss,7,Yes,Yes,,923,No,0.0,08m 41s
Crewmate,Loss,7,Yes,Yes,,836,No,1.0,09m 57s
Crewmate,Loss,7,Yes,Yes,,682,No,0.0,08m 29s
Crewmate,Win,8,Yes,No,,884,No,1.0,05m 01s
Crewmate,Win,5,No,No,,321,No,0.0,
Crewmate,Loss,7,Yes,No,,919,No,0.0,15m 19s
Crewmate,Win,7,Yes,Yes,,831,No,0.0,13m 01s
Crewmate,Win,6,No,No,,323,No,1.0,
Crewmate,Win,4,No,Yes,,335,No,0.0,
Crewmate,Loss,8,Yes,No,,466,No,0.0,02m 18s
Crewmate,Loss,8,Yes,Yes,,595,No,0.0,09m 55s
Crewmate,Loss,8,Yes,Yes,,866,No,0.0,05m 45s
Imposter,Win,,,,4,562,No,,
Imposter,Win,,,,1,125,No,,
Crewmate,Loss,6,No,Yes,,340,No,1.0,
Crewmate,Win,7,Yes,Yes,,632,No,0.0,05m 00s
Crewmate,Win,7,Yes,Yes,,1012,No,1.0,14m 40s
Crewmate,Win,7,Yes,No,,648,No,0.0,07m 28s
Imposter,Win,,,,3,793,No,,
Crewmate,Loss,4,No,Yes,,505,No,0.0,
Imposter,Loss,,,,2,1600,No,,
Crewmate,Loss,4,No,No,,771,No,1.0,
Imposter,Win,,,,3,803,No,,
Crewmate,Loss,7,No,No,,790,No,0.0,
Crewmate,Win,8,Yes,Yes,,1145,No,0.0,09m 08s
Crewmate,Loss,0,No,No,,16,No,0.0,
Crewmate,Win,8,Yes,Yes,,1236,No,0.0,20m 35s
Crewmate,Win,7,No,No,,971,No,2.0,
Imposter,Win,,,,4,962,No,,
Crewmate,Win,2,No,No,,254,No,0.0,
Crewmate,Win,8,Yes,Yes,,1210,No,1.0,15m 09s
Crewmate,Win,8,Yes,Yes,,787,No,0.0,08m 50s
Crewmate,Win,7,Yes,Yes,,1029,No,1.0,13m 52s
Crewmate,Win,6,No,No,,945,No,0.0,
Imposter,Loss,,,,3,842,No,,
Crewmate,Win,7,Yes,No,,1301,No,1.0,20m 23s
Crewmate,Loss,4,No,Yes,,921,No,0.0,
Crewmate,Loss,4,No,No,,520,No,0.0,
Crewmate,Win,7,Yes,Yes,,1309,No,0.0,18m 27s
Crewmate,Win,6,No,No,,935,No,0.0,
Crewmate,Win,7,No,Yes,,1070,No,0.0,
Crewmate,Loss,3,No,Yes,,680,No,0.0,
Crewmate,Win,4,No,No,,481,No,0.0,
Crewmate,Win,7,Yes,No,,1042,No,1.0,09m 10s
Imposter,Win,,,,4,559,No,,
Crewmate,Win,3,No,No,,159,No,0.0,
Crewmate,Win,6,Yes,Yes,,424,No,0.0,05m 19s
Crewmate,Loss,5,No,No,,627,No,0.0,
Crewmate,Win,4,No,No,,869,No,0.0,
Imposter,Win,,,,1,46,No,,
Crewmate,Win,4,No,No,,808,No,1.0,
Crewmate,Win,5,No,No,,688,Yes,0.0,
Crewmate,Loss,7,Yes,Yes,,711,No,1.0,08m 14s
Crewmate,Loss,4,No,Yes,,742,No,0.0,05m 38s
Imposter,Win,,,,2,57,No,,
Crewmate,Loss,3,No,No,,277,No,1.0,
Crewmate,Loss,0,No,No,,111,Yes,0.0,
Crewmate,Win,3,No,No,,172,No,0.0,
Crewmate,Loss,2,No,No,,376,No,0.0,
Imposter,Win,,,,1,109,No,,
Imposter,Win,,,,1,61,No,,
Crewmate,Loss,5,Yes,No,,417,No,3.0,03m 02s
Crewmate,Win,7,Yes,Yes,,819,No,0.0,13m 03s
Imposter,Loss,,,,3,1355,No,,
Imposter,Win,,,,3,750,No,,
Crewmate,Win,5,No,No,,552,No,1.0,
Crewmate,Loss,0,No,Yes,,511,No,1.0,
Crewmate,Win,4,No,No,,962,No,0.0,
Crewmate,Loss,3,No,Yes,,627,No,0.0,
Crewmate,Win,5,No,No,,442,Yes,0.0,
Crewmate,Win,4,No,Yes,,889,No,0.0,
Imposter,Loss,,,,2,1009,No,,
Imposter,Win,,,,4,895,No,,
Crewmate,Loss,6,No,Yes,,862,No,0.0,
Crewmate,Win,1,No,Yes,,143,No,0.0,
Crewmate,Win,0,No,Yes,,164,No,0.0,
Crewmate,Win,1,No,No,,175,No,0.0,
Crewmate,Loss,4,No,Yes,,840,No,0.0,
Imposter,Win,,,,3,550,No,,
Crewmate,Win,7,Yes,No,,805,No,3.0,08m 49s
Crewmate,Win,4,No,No,,460,No,0.0,
Imposter,Loss,,,,3,804,No,,
Crewmate,Loss,3,No,Yes,,466,No,0.0,
Crewmate,Win,6,No,No,,911,Yes,0.0,
Crewmate,Win,1,No,No,,238,No,0.0,
Crewmate,Win,3,No,Yes,,410,No,0.0,
Crewmate,Win,5,No,No,,618,No,3.0,
Crewmate,Win,3,No,Yes,,443,No,1.0,
Crewmate,Win,7,Yes,Yes,,1120,No,1.0,14m 14s
Crewmate,Loss,2,No,No,,517,No,0.0,
Crewmate,Win,4,No,No,,402,No,0.0,
Imposter,Win,,,,2,627,No,,
Crewmate,Win,7,Yes,No,,732,No,0.0,08m 23s
Imposter,Win,,,,2,833,No,,
Crewmate,Loss,3,No,No,,313,Yes,0.0,
Crewmate,Win,7,Yes,No,,928,Yes,0.0,10m 17s
Imposter,Win,,,,4,943,No,,
Crewmate,Loss,3,No,Yes,,811,No,1.0,
Imposter,Win,,,,4,533,No,,
Crewmate,Loss,4,No,No,,135,No,1.0,
Crewmate,Loss,2,No,No,,774,No,0.0,
Crewmate,Loss,1,No,Yes,,524,No,0.0,
Imposter,Win,,,,4,612,No,,
Crewmate,Win,2,No,Yes,,405,No,0.0,
Crewmate,Win,4,No,No,,1021,No,1.0,
Crewmate,Win,5,No,No,,498,No,0.0,
Imposter,Win,,,,3,1185,No,,
Imposter,Loss,,,,1,345,No,,
Crewmate,Win,2,No,No,,271,No,0.0,
Crewmate,Win,6,No,Yes,,1021,No,1.0,
Imposter,Win,,,,2,201,No,,
Crewmate,Loss,2,No,No,,295,No,0.0,
Crewmate,Win,0,No,No,,338,No,2.0,
Crewmate,Loss,4,No,Yes,,300,No,0.0,
Crewmate,Win,3,No,Yes,,833,No,0.0,
Crewmate,Loss,5,No,Yes,,563,No,0.0,
Imposter,Win,,,,1,270,No,,
Crewmate,Loss,2,No,No,,533,Yes,5.0,
Crewmate,Win,2,No,Yes,,140,No,0.0,
Crewmate,Win,1,No,No,,142,No,0.0,
Crewmate,Win,7,Yes,Yes,,620,No,2.0,10m 19s
Crewmate,Win,0,No,No,,335,No,1.0,
Crewmate,Loss,7,Yes,No,,827,No,1.0,10m 19s
Imposter,Win,,,,2,307,No,,
Imposter,Win,,,,2,529,No,,
Crewmate,Loss,3,No,Yes,,364,No,1.0,
Imposter,Win,,,,3,565,No,,
Crewmate,Win,8,Yes,Yes,,921,No,3.0,06m 06s
Imposter,Win,,,,3,1092,No,,
Crewmate,Win,8,Yes,Yes,,711,No,0.0,10m 02s
Imposter,Win,,,,3,1022,No,,
Imposter,Win,,,,2,537,No,,
Crewmate,Loss,8,No,Yes,,847,No,0.0,
Imposter,Loss,,,,2,473,No,,
Imposter,Loss,,,,1,636,No,,
Crewmate,Win,8,Yes,No,,883,No,0.0,14m 32s
Crewmate,Win,2,No,No,,121,No,1.0,
Crewmate,Win,1,No,No,,108,No,0.0,
Crewmate,Loss,6,No,No,,712,Yes,1.0,
Imposter,Win,,,,1,187,Yes,,
Crewmate,Win,4,No,Yes,,343,No,1.0,
Crewmate,Win,4,No,Yes,,358,No,0.0,
Crewmate,Loss,3,No,No,,653,No,0.0,
Crewmate,Loss,7,No,Yes,,784,No,1.0,
Crewmate,Win,4,No,Yes,,835,No,0.0,
Crewmate,Loss,7,No,No,,1002,No,4.0,
Imposter,Loss,,,,2,793,No,,
Crewmate,Win,6,No,No,,928,No,1.0,
Crewmate,Win,6,Yes,Yes,,662,No,0.0,07m 59s
Crewmate,Win,2,No,Yes,,929,No,0.0,
Crewmate,Win,1,No,Yes,,593,No,1.0,
Crewmate,Loss,8,Yes,No,,1097,No,0.0,10m 50s
Crewmate,Win,5,No,No,,628,No,0.0,
Imposter,Loss,,,,2,724,No,,
Imposter,Loss,,,,2,929,No,,
Crewmate,Loss,7,No,Yes,,715,No,0.0,
Imposter,Win,,,,2,723,No,,
Crewmate,Loss,4,No,No,,862,No,1.0,
Imposter,Win,,,,4,781,No,,
Crewmate,Loss,7,No,Yes,,339,No,2.0,
Crewmate,Win,8,Yes,No,,425,No,1.0,05m 39s
Crewmate,Loss,8,Yes,Yes,,756,No,0.0,12m 18s
Crewmate,Loss,2,No,No,,421,No,0.0,
Crewmate,Loss,4,No,No,,529,No,1.0,
Crewmate,Win,7,Yes,Yes,,819,No,0.0,06m 41s
Crewmate,Win,7,Yes,Yes,,1356,No,0.0,16m 06s
Crewmate,Loss,5,No,No,,529,No,1.0,
Crewmate,Win,7,Yes,No,,945,No,0.0,08m 21s
Imposter,Loss,,,,0,1293,No,,
Crewmate,Loss,5,No,Yes,,1567,No,2.0,
Crewmate,Loss,6,No,No,,1228,No,2.0,
Crewmate,Win,4,No,Yes,,988,No,0.0,
Crewmate,Loss,6,No,Yes,,778,No,0.0,
Crewmate,Win,7,Yes,No,,1068,No,0.0,06m 23s
Crewmate,Win,7,Yes,No,,735,No,2.0,06m 13s
Crewmate,Win,8,Yes,Yes,,812,No,1.0,06m 26s
Crewmate,Win,8,Yes,Yes,,868,No,1.0,14m 27s
Imposter,Win,,,,2,918,No,,
Crewmate,Loss,8,Yes,No,,840,No,0.0,07m 13s
Crewmate,Win,7,Yes,No,,837,No,0.0,11m 30s
Imposter,Loss,,,,1,705,No,,
Crewmate,Loss,8,Yes,No,,591,No,2.0,09m 49s
Imposter,Loss,,,,3,685,Yes,,
Crewmate,Win,7,Yes,No,,1010,No,2.0,02m 43s
Crewmate,Win,7,Yes,No,,836,No,1.0,11m 48s
Imposter,Win,,,,3,556,No,,
Crewmate,Win,7,Yes,No,,1025,No,0.0,05m 49s
Crewmate,Win,7,Yes,Yes,,1036,No,0.0,10m 21s
Crewmate,Loss,8,Yes,Yes,,1381,No,1.0,12m 11s
Crewmate,Loss,5,No,No,,527,No,0.0,
Crewmate,Loss,6,No,No,,508,No,0.0,
Crewmate,Loss,7,No,No,,824,No,1.0,
Crewmate,Loss,2,No,Yes,,458,No,0.0,
Crewmate,Loss,6,No,No,,355,No,1.0,
Crewmate,Loss,7,No,Yes,,521,No,1.0,
Imposter,Win,,,,3,353,No,,
Crewmate,Loss,7,Yes,Yes,,628,No,0.0,09m 52s
Crewmate,Loss,7,Yes,Yes,,775,No,1.0,08m 49s
Crewmate,Win,6,Yes,Yes,,749,No,0.0,08m 52s
Crewmate,Win,6,No,No,,772,No,0.0,
Crewmate,Win,7,Yes,Yes,,534,No,1.0,05m 56s
Crewmate,Loss,2,No,Yes,,432,No,0.0,
Crewmate,Win,5,No,Yes,,796,No,0.0,
Crewmate,Loss,2,No,No,,404,No,0.0,
Crewmate,Loss,3,No,Yes,,788,No,1.0,
Imposter,Win,,,,1,398,No,,
Crewmate,Loss,6,No,Yes,,800,No,0.0,
Crewmate,Win,3,No,No,,853,No,1.0,
Crewmate,Win,7,Yes,No,,839,No,0.0,11m 40s
Crewmate,Loss,4,No,Yes,,901,No,0.0,
Crewmate,Win,7,Yes,Yes,,1183,No,0.0,08m 45s
Imposter,Win,,,,2,544,No,,
Crewmate,Win,7,Yes,Yes,,885,No,0.0,14m 44s
Crewmate,Win,5,No,Yes,,755,No,0.0,
Crewmate,Win,8,Yes,No,,1133,No,0.0,18m 20s
Crewmate,Win,3,No,No,,270,No,1.0,
Crewmate,Win,3,No,No,,827,No,1.0,
Imposter,Win,,,,1,469,No,,
Imposter,Win,,,,3,630,No,,
Imposter,Win,,,,2,943,No,,
Crewmate,Loss,8,Yes,Yes,,825,No,0.0,13m 05s
Crewmate,Win,4,No,Yes,,813,No,0.0,
Crewmate,Loss,6,No,Yes,,479,No,0.0,
Imposter,Win,,,,4,955,No,,
Crewmate,Loss,3,No,No,,634,No,1.0,
Crewmate,Win,4,No,No,,1005,No,0.0,
Crewmate,Win,4,No,Yes,,516,No,0.0,
Crewmate,Loss,5,No,Yes,,461,No,0.0,
Imposter,Win,,,,3,541,No,,
Crewmate,Loss,8,Yes,No,,998,No,0.0,09m 32s
Crewmate,Loss,8,Yes,Yes,,1360,No,0.0,14m 49s
Crewmate,Loss,8,Yes,Yes,,691,No,0.0,08m 14s
Imposter,Win,,,,3,725,No,,
Crewmate,Win,0,No,Yes,,291,No,0.0,
Crewmate,Loss,9,Yes,Yes,,1137,No,1.0,11m 23s
Imposter,Win,,,,1,488,No,,
Imposter,Win,,,,4,1005,No,,
Crewmate,Win,7,Yes,Yes,,1479,No,0.0,19m 56s
Crewmate,Win,4,No,Yes,,279,No,0.0,
Crewmate,Win,7,Yes,No,,1722,No,1.0,28m 41s
Crewmate,Loss,7,Yes,Yes,,861,No,0.0,10m 34s
Crewmate,Win,5,No,Yes,,728,No,1.0,
Crewmate,Loss,3,No,No,,634,No,2.0,
Crewmate,Loss,5,No,Yes,,1093,No,0.0,
Imposter,Win,,,,2,783,No,,
Crewmate,Win,7,Yes,Yes,,1180,No,0.0,10m 12s
Crewmate,Win,5,No,No,,726,No,1.0,
Crewmate,Loss,7,Yes,Yes,,625,No,0.0,09m 31s
Crewmate,Win,6,No,Yes,,583,No,0.0,
Crewmate,Loss,3,No,Yes,,263,No,0.0,
Crewmate,Loss,5,No,Yes,,843,No,0.0,
Imposter,Win,,,,3,545,No,,
Imposter,Loss,,,,3,671,No,,
Crewmate,Loss,4,No,Yes,,471,No,0.0,
Crewmate,Win,2,No,No,,362,No,1.0,
Crewmate,Win,1,No,No,,798,No,0.0,
Crewmate,Win,1,No,No,,606,No,1.0,
Crewmate,Win,1,No,No,,302,No,0.0,
Crewmate,Loss,2,No,No,,225,Yes,0.0,
Crewmate,Win,2,No,No,,397,No,2.0,
Crewmate,Win,5,No,Yes,,277,No,0.0,
Crewmate,Win,8,Yes,Yes,,698,No,1.0,11m 28s
Crewmate,Win,8,Yes,No,,851,No,0.0,10m 36s
Crewmate,Win,8,Yes,Yes,,695,No,0.0,10m 36s
Crewmate,Loss,8,Yes,Yes,,441,No,0.0,04m 32s
Crewmate,Win,6,No,No,,977,No,0.0,
Crewmate,Loss,5,No,Yes,,782,No,4.0,
Crewmate,Loss,5,No,Yes,,755,No,0.0,
Crewmate,Win,4,No,No,,613,No,0.0,
Imposter,Win,,,,2,253,No,,
Crewmate,Win,2,No,No,,491,No,0.0,
Crewmate,Win,9,Yes,Yes,,1076,No,0.0,07m 50s
Crewmate,Win,1,No,No,,312,No,0.0,
Crewmate,Win,2,No,Yes,,703,No,0.0,
Crewmate,Win,9,Yes,Yes,,654,No,0.0,06m 40s
Crewmate,Loss,5,No,No,,1087,No,0.0,
Crewmate,Win,9,Yes,No,,739,No,0.0,08m 32s
Crewmate,Win,0,No,Yes,,159,No,0.0,
Crewmate,Win,1,No,No,,22,No,1.0,00m 11s
Crewmate,Loss,0,No,Yes,,120,No,0.0,
Crewmate,Win,4,No,Yes,,560,No,0.0,03m 20s
Imposter,Win,,,,3,157,No,,
Crewmate,Loss,2,No,No,,120,No,0.0,
Crewmate,Win,1,No,No,,273,No,2.0,
Crewmate,Win,4,No,No,,248,No,0.0,03m 28s
Crewmate,Loss,0,No,No,,15,No,0.0,
Imposter,Win,,,,1,66,No,,
Crewmate,Loss,1,No,No,,71,No,0.0,
Crewmate,Loss,1,No,No,,22,No,0.0,
Crewmate,Win,0,No,No,,90,No,0.0,
Crewmate,Win,0,No,No,,100,No,0.0,
Crewmate,Win,8,No,No,,863,No,0.0,
Crewmate,Loss,6,No,Yes,,798,No,0.0,
Crewmate,Win,6,No,No,,832,No,2.0,
Crewmate,Loss,7,No,Yes,,754,No,0.0,
Crewmate,Loss,9,Yes,No,,841,No,2.0,09m 11s
Crewmate,Loss,4,No,Yes,,461,No,0.0,
Crewmate,Win,9,Yes,Yes,,838,No,0.0,08m 26s
Crewmate,Win,6,Yes,No,,546,Yes,0.0,06m 16s
Crewmate,Loss,2,No,Yes,,61,No,0.0,
Imposter,Win,,,,1,181,No,,
Imposter,Loss,,,,0,110,Yes,,
Crewmate,Win,1,No,No,,140,No,0.0,
Crewmate,Loss,1,No,No,,141,No,1.0,
Imposter,Win,,,,1,31,No,,
Crewmate,Loss,0,No,No,,416,No,0.0,
Imposter,Win,,,,2,205,No,,
Crewmate,Loss,2,No,No,,221,No,0.0,
Crewmate,Loss,0,No,Yes,,227,No,0.0,
Imposter,Win,,,,3,324,No,,
Crewmate,Loss,3,No,Yes,,209,No,0.0,
Imposter,Win,,,,1,119,No,,
Crewmate,Loss,1,No,No,,415,Yes,1.0,
Crewmate,Loss,2,No,No,,119,No,0.0,
Crewmate,Loss,1,No,Yes,,98,No,0.0,
Crewmate,Win,2,No,Yes,,355,No,0.0,
Crewmate,Win,1,No,No,,183,No,1.0,
Crewmate,Win,2,No,No,,379,No,0.0,
Crewmate,Win,8,Yes,Yes,,1287,No,0.0,10m 38s
Crewmate,Loss,4,No,Yes,,670,No,0.0,
Crewmate,Win,8,Yes,No,,743,No,2.0,11m 42s
Crewmate,Loss,6,Yes,Yes,,176,No,0.0,02m 31s
Crewmate,Win,3,No,No,,161,No,0.0,
Imposter,Win,,,,2,624,No,,
Crewmate,Win,1,No,No,,116,No,0.0,
Imposter,Win,,,,2,451,No,,
Imposter,Win,,,,3,417,No,,
Imposter,Loss,,,,1,167,Yes,,
Crewmate,Win,5,No,Yes,,191,No,1.0,
Crewmate,Win,0,No,No,,75,No,0.0,
Imposter,Win,,,,1,151,No,,
Crewmate,Win,0,No,No,,14,No,0.0,
Crewmate,Win,2,No,No,,220,No,1.0,
Crewmate,Loss,6,No,Yes,,546,No,1.0,
Crewmate,Loss,3,No,Yes,,108,No,0.0,
Crewmate,Win,2,No,No,,35,No,0.0,
Crewmate,Win,8,Yes,No,,578,Yes,0.0,08m 03s
Crewmate,Win,8,Yes,Yes,,536,No,0.0,06m 23s
Crewmate,Win,8,Yes,No,,596,No,0.0,06m 39s
Imposter,Win,,,,1,287,No,,
Crewmate,Win,4,No,No,,222,No,0.0,
Imposter,Win,,,,1,619,No,,
Imposter,Loss,,,,0,463,Yes,,
Crewmate,Win,6,No,No,,732,No,1.0,
Crewmate,Loss,1,No,No,,311,No,0.0,
Imposter,Loss,,,,3,853,No,,
Crewmate,Win,1,No,No,,318,No,0.0,
Crewmate,Win,2,No,No,,908,No,1.0,
Imposter,Win,,,,5,729,No,,
Crewmate,Loss,5,No,Yes,,571,No,1.0,
Crewmate,Loss,3,No,No,,529,No,0.0,
Crewmate,Loss,5,No,Yes,,552,No,1.0,
Crewmate,Loss,3,No,No,,505,No,0.0,
Crewmate,Loss,8,Yes,No,,559,No,0.0,07m 11s
Crewmate,Loss,8,Yes,Yes,,681,No,0.0,11m 11s
Crewmate,Win,1,No,No,,280,No,0.0,
Crewmate,Loss,5,No,No,,535,No,2.0,
Crewmate,Loss,2,No,Yes,,771,No,0.0,
Crewmate,Win,3,No,Yes,,827,No,0.0,
Crewmate,Win,1,No,Yes,,268,No,1.0,
Imposter,Loss,,,,1,575,No,,
Crewmate,Loss,7,No,Yes,,660,No,0.0,
Crewmate,Loss,3,No,Yes,,796,No,0.0,
Crewmate,Loss,0,No,Yes,,238,No,0.0,
Crewmate,Loss,3,No,Yes,,384,No,2.0,
Crewmate,Loss,8,Yes,No,,668,No,0.0,10m 00s
Crewmate,Win,5,No,No,,459,No,0.0,
Crewmate,Loss,2,No,Yes,,506,No,0.0,
Crewmate,Loss,0,No,Yes,,223,No,0.0,
Crewmate,Win,4,No,Yes,,329,No,1.0,
Imposter,Loss,,,,1,663,No,,
Imposter,Loss,,,,1,662,No,,
Crewmate,Loss,2,No,No,,348,No,1.0,
Crewmate,Loss,7,No,Yes,,392,No,0.0,
Crewmate,Win,8,Yes,No,,1316,No,0.0,11m 18s
Crewmate,Win,6,No,No,,943,No,1.0,
Crewmate,Win,8,Yes,Yes,,1354,No,0.0,22m 20s
Crewmate,Win,4,No,No,,951,No,1.0,
Crewmate,Loss,5,No,No,,595,No,2.0,
Crewmate,Win,2,No,No,,921,No,0.0,
Imposter,Loss,,,,1,295,No,,
Crewmate,Loss,5,No,Yes,,821,No,0.0,
Imposter,Loss,,,,2,989,No,,
Crewmate,Loss,8,Yes,Yes,,1017,No,0.0,15m 32s
Crewmate,Loss,2,No,No,,801,Yes,1.0,
Crewmate,Win,4,No,Yes,,439,No,0.0,
Imposter,Loss,,,,2,426,Yes,,
Crewmate,Loss,6,No,Yes,,540,No,0.0,
Crewmate,Loss,8,Yes,No,,530,No,0.0,08m 38s
Imposter,Loss,,,,1,942,No,,
Crewmate,Win,7,No,Yes,,859,No,0.0,
Crewmate,Loss,2,No,Yes,,175,No,0.0,
Crewmate,Win,5,No,Yes,,468,No,2.0,
Crewmate,Win,3,No,Yes,,238,No,0.0,
Crewmate,Win,6,Yes,No,,380,No,0.0,04m 50s
Crewmate,Loss,3,No,No,,352,Yes,0.0,
Crewmate,Win,7,Yes,No,,664,No,1.0,09m 17s
Crewmate,Win,4,No,No,,461,No,2.0,
Crewmate,Win,5,Yes,No,,476,No,2.0,05m 21s
Crewmate,Win,0,No,No,,74,No,0.0,
Crewmate,Win,1,No,No,,94,No,1.0,
Imposter,Loss,,,,2,111,Yes,,
Crewmate,Win,1,No,Yes,,115,No,0.0,
Crewmate,Loss,4,No,Yes,,305,No,2.0,
Crewmate,Loss,3,No,Yes,,270,No,1.0,
Imposter,Win,,,,3,559,No,,
Crewmate,Win,3,No,No,,280,No,0.0,
Crewmate,Loss,3,No,No,,142,No,0.0,
Crewmate,Win,7,Yes,Yes,,566,No,0.0,08m 42s
Imposter,Win,,,,2,840,No,,
Crewmate,Loss,4,No,Yes,,550,No,0.0,
Crewmate,Win,7,Yes,No,,805,No,0.0,07m 22s
Crewmate,Win,5,No,No,,460,No,1.0,
Crewmate,Loss,7,No,No,,619,No,0.0,
Crewmate,Win,5,No,Yes,,1018,No,1.0,
Imposter,Loss,,,,2,565,No,,
Crewmate,Win,8,Yes,Yes,,985,No,0.0,11m 19s
Crewmate,Win,1,No,Yes,,736,No,0.0,
Crewmate,Win,8,Yes,No,,969,No,0.0,13m 03s
Crewmate,Loss,8,Yes,Yes,,767,No,0.0,05m 45s
Crewmate,Loss,8,Yes,No,,886,No,0.0,10m 39s
Crewmate,Win,1,No,Yes,,674,No,0.0,
Crewmate,Loss,7,No,No,,774,No,0.0,
Crewmate,Loss,7,Yes,Yes,,1122,No,0.0,17m 48s
Crewmate,Win,7,Yes,Yes,,1076,No,0.0,12m 32s
Crewmate,Win,6,No,No,,575,No,1.0,
Crewmate,Win,7,Yes,Yes,,783,No,0.0,08m 01s
Crewmate,Win,5,No,Yes,,519,No,0.0,
Crewmate,Win,5,No,No,,464,No,0.0,
Imposter,Loss,,,,3,732,No,,
Crewmate,Win,8,Yes,No,,805,No,0.0,09m 49s
Crewmate,Win,7,No,No,,701,No,0.0,
Imposter,Loss,,,,2,1032,No,,
Crewmate,Win,8,Yes,Yes,,923,No,0.0,09m 14s
Crewmate,Loss,0,No,Yes,,39,No,0.0,
Imposter,Win,,,,2,534,No,,
Imposter,Win,,,,3,737,No,,
Crewmate,Loss,5,No,Yes,,589,No,0.0,
Crewmate,Win,7,Yes,No,,905,No,1.0,10m 58s
Crewmate,Loss,7,Yes,No,,667,No,0.0,06m 34s
Imposter,Loss,,,,3,706,No,,
Crewmate,Win,2,No,No,,182,No,0.0,
Crewmate,Win,4,No,No,,924,No,0.0,
Crewmate,Win,7,No,Yes,,880,No,1.0,
Crewmate,Win,5,No,No,,280,No,0.0,
Crewmate,Win,8,Yes,Yes,,954,No,0.0,10m 28s
Crewmate,Win,8,Yes,Yes,,1227,No,0.0,14m 51s
Crewmate,Win,7,Yes,Yes,,748,No,1.0,08m 21s
Crewmate,Win,6,Yes,Yes,,664,No,0.0,07m 00s
Imposter,Win,,,,4,437,No,,
Imposter,Loss,,,,1,736,Yes,,
Crewmate,Loss,5,No,No,,819,No,2.0,
Crewmate,Loss,5,No,No,,820,No,2.0,
Crewmate,Loss,8,Yes,Yes,,781,No,0.0,04m 44s
Crewmate,Loss,8,Yes,Yes,,781,No,0.0,04m 44s
Imposter,Loss,,,,3,720,No,,
Imposter,Loss,,,,3,720,No,,
Crewmate,Win,7,Yes,Yes,,394,No,0.0,06m 33s
Crewmate,Win,7,Yes,Yes,,394,No,0.0,06m 33s
Crewmate,Win,7,Yes,Yes,,639,No,1.0,05m 44s
Crewmate,Win,7,Yes,Yes,,638,No,1.0,05m 43s
Crewmate,Loss,7,Yes,No,,1306,No,3.0,04m 12s
Crewmate,Loss,7,Yes,No,,1305,No,3.0,04m 12s
Imposter,Loss,,,,2,596,No,,
Imposter,Loss,,,,2,596,No,,
Crewmate,Win,6,No,No,,480,No,0.0,
Crewmate,Win,6,No,No,,480,No,0.0,
Crewmate,Loss,7,Yes,Yes,,874,No,0.0,04m 36s
Crewmate,Loss,7,Yes,Yes,,874,No,0.0,04m 36s
Crewmate,Loss,5,No,Yes,,406,No,0.0,
Crewmate,Loss,5,No,Yes,,405,No,0.0,
Crewmate,Win,3,No,No,,119,No,0.0,
Crewmate,Win,3,No,No,,120,No,0.0,
Crewmate,Win,7,Yes,Yes,,741,No,1.0,07m 41s
Crewmate,Win,7,Yes,Yes,,742,No,1.0,07m 42s
Imposter,Win,,,,2,449,No,,
Imposter,Win,,,,2,449,No,,
Crewmate,Win,7,Yes,Yes,,943,No,0.0,12m 50s
Crewmate,Win,7,Yes,Yes,,943,No,0.0,12m 50s
Crewmate,Win,7,Yes,No,,529,No,0.0,04m 30s
Crewmate,Win,5,No,No,,348,No,0.0,
Crewmate,Win,4,No,Yes,,449,No,2.0,
Crewmate,Loss,8,Yes,Yes,,504,No,1.0,05m 54s
Imposter,Loss,,,,1,866,No,,
Crewmate,Win,5,No,No,,565,No,1.0,
Crewmate,Win,9,Yes,Yes,,941,No,0.0,11m 42s
Imposter,Loss,,,,3,1265,Yes,,
Crewmate,Win,7,Yes,No,,754,No,1.0,11m 07s
Imposter,Win,,,,2,247,No,,
Crewmate,Loss,7,Yes,No,,962,No,1.0,08m 06s
Crewmate,Loss,6,No,No,,629,Yes,0.0,
Crewmate,Loss,3,No,No,,480,Yes,0.0,
Imposter,Loss,,,,2,713,Yes,,
Crewmate,Loss,7,Yes,No,,667,No,0.0,07m 34s
Crewmate,Loss,2,No,No,,302,No,1.0,
Crewmate,Win,5,No,Yes,,319,No,0.0,
Crewmate,Win,4,No,No,,748,No,1.0,
Imposter,Win,,,,1,278,No,,
Imposter,Loss,,,,1,538,No,,
Imposter,Loss,,,,3,822,Yes,,
Crewmate,Win,7,Yes,No,,891,No,1.0,08m 55s
Imposter,Loss,,,,1,755,No,,
Imposter,Win,,,,2,483,No,,
Crewmate,Win,8,Yes,Yes,,820,No,1.0,08m 00s
Imposter,Win,,,,3,555,No,,
Imposter,Loss,,,,1,573,Yes,,
Imposter,Win,,,,1,305,No,,
Crewmate,Win,7,Yes,No,,872,No,2.0,09m 18s
Crewmate,Loss,6,No,No,,430,No,1.0,
Imposter,Loss,,,,0,399,No,,
Crewmate,Loss,9,Yes,Yes,,782,No,1.0,09m 15s
Crewmate,Win,9,Yes,Yes,,800,No,0.0,07m 45s
Crewmate,Win,9,Yes,No,,866,No,0.0,11m 27s
Crewmate,Loss,3,No,Yes,,464,No,0.0,
Crewmate,Loss,9,Yes,Yes,,1010,No,0.0,08m 33s
Crewmate,Loss,2,No,No,,378,No,0.0,
Crewmate,Loss,7,Yes,Yes,,527,No,0.0,05m 56s
Crewmate,Win,6,No,No,,480,No,2.0,
Crewmate,Win,8,Yes,No,,965,No,0.0,07m 23s
Crewmate,Win,7,No,No,,631,No,0.0,
Crewmate,Loss,8,Yes,Yes,,1013,No,0.0,06m 53s
Crewmate,Loss,7,Yes,No,,783,No,0.0,06m 48s
Crewmate,Win,7,Yes,Yes,,843,No,0.0,11m 44s
Crewmate,Win,7,Yes,No,,1157,No,2.0,04m 44s
Crewmate,Loss,5,No,Yes,,510,No,0.0,
Crewmate,Win,7,No,No,,602,No,0.0,
Crewmate,Win,8,Yes,No,,929,No,1.0,10m 54s
Crewmate,Win,4,No,No,,646,No,0.0,
Crewmate,Loss,2,No,Yes,,688,No,0.0,
Crewmate,Loss,6,No,No,,1131,No,2.0,
Crewmate,Loss,3,No,Yes,,350,No,1.0,
Imposter,Loss,,,,2,995,No,,
Crewmate,Loss,4,No,Yes,,855,No,0.0,
Imposter,Loss,,,,2,768,No,,
Crewmate,Win,7,Yes,No,,608,No,0.0,05m 52s
Crewmate,Win,6,No,No,,501,No,1.0,
Crewmate,Loss,8,Yes,Yes,,663,No,2.0,08m 34s
Crewmate,Win,7,Yes,Yes,,638,No,0.0,05m 39s
Crewmate,Loss,6,No,No,,553,No,0.0,
Crewmate,Loss,8,Yes,No,,864,No,2.0,08m 45s
Crewmate,Win,7,Yes,No,,804,No,1.0,08m 11s
Crewmate,Win,1,No,No,,413,Yes,0.0,
Crewmate,Win,8,Yes,No,,1600,No,4.0,14m 51s
Crewmate,Win,8,Yes,No,,1105,Yes,0.0,12m 23s
Crewmate,Loss,8,Yes,Yes,,955,No,0.0,12m 19s
Crewmate,Loss,4,No,Yes,,558,No,1.0,
Crewmate,Win,5,Yes,Yes,,303,No,0.0,04m 23s
Imposter,Loss,,,,0,555,No,,
Crewmate,Win,3,No,Yes,,199,No,0.0,
Crewmate,Loss,6,No,Yes,,365,No,0.0,
Crewmate,Loss,0,No,No,,306,No,0.0,
Crewmate,Loss,0,No,No,,18,No,0.0,
Imposter,Win,,,,2,463,No,,
Crewmate,Win,5,No,No,,292,No,0.0,
Crewmate,Win,8,Yes,Yes,,679,No,0.0,05m 39s
Crewmate,Loss,2,No,Yes,,300,No,0.0,
Crewmate,Loss,8,Yes,No,,679,No,1.0,07m 40s
Crewmate,Win,2,No,Yes,,359,No,1.0,
Crewmate,Win,1,No,No,,268,No,1.0,
Crewmate,Loss,7,No,Yes,,177,No,0.0,
Imposter,Win,,,,8,194,No,,
Imposter,Win,,,,2,537,No,,
Imposter,Win,,,,1,546,No,,
Imposter,Loss,,,,0,1100,No,,
Crewmate,Loss,4,No,Yes,,291,No,0.0,
Imposter,Win,,,,2,350,No,,
Imposter,Loss,,,,2,358,Yes,,
Crewmate,Loss,4,No,Yes,,351,No,1.0,
Crewmate,Win,8,Yes,No,,850,No,0.0,11m 16s
Crewmate,Loss,7,No,Yes,,590,No,3.0,
Crewmate,Loss,9,Yes,Yes,,671,No,0.0,10m 30s
Crewmate,Win,9,Yes,No,,669,No,2.0,04m 20s
Crewmate,Win,8,No,No,,711,No,1.0,
Crewmate,Loss,6,No,Yes,,470,No,1.0,
Crewmate,Loss,7,Yes,Yes,,774,No,2.0,12m 10s
Crewmate,Win,7,Yes,No,,399,No,2.0,02m 50s
Crewmate,Loss,7,Yes,Yes,,1220,No,2.0,05m 11s
Crewmate,Loss,2,No,No,,270,No,0.0,
Crewmate,Loss,4,No,Yes,,228,No,0.0,
Crewmate,Win,1,No,No,,819,No,2.0,
Crewmate,Loss,8,Yes,Yes,,757,No,0.0,08m 39s
Imposter,Loss,,,,2,249,No,,
Crewmate,Win,3,No,Yes,,182,No,0.0,
Crewmate,Win,2,No,Yes,,31,No,0.0,
Crewmate,Loss,5,No,No,,475,No,1.0,
Crewmate,Loss,1,No,No,,241,No,0.0,
Crewmate,Loss,1,No,Yes,,112,No,0.0,
Crewmate,Win,2,No,No,,212,No,0.0,
Crewmate,Loss,4,No,Yes,,385,No,0.0,
Imposter,Win,,,,2,318,No,,
Imposter,Loss,,,,1,281,No,,
Imposter,Win,,,,1,39,No,,
Crewmate,Win,2,No,Yes,,117,No,0.0,
Imposter,Win,,,,1,30,No,,
Crewmate,Loss,4,No,No,,206,No,0.0,03m 25s
Crewmate,Loss,3,No,No,,268,Yes,0.0,
Crewmate,Loss,4,No,Yes,,242,No,0.0,01m 51s
Crewmate,Loss,0,No,No,,147,No,0.0,
Crewmate,Loss,4,No,Yes,,357,No,0.0,05m 57s
Crewmate,Loss,1,No,No,,161,No,0.0,
Crewmate,Win,4,No,No,,441,No,0.0,05m 20s
Crewmate,Win,2,No,No,,282,No,0.0,
Crewmate,Loss,0,No,No,,132,No,1.0,
Crewmate,Win,3,No,No,,456,No,1.0,
Crewmate,Win,4,No,No,,459,No,2.0,07m 39s
Crewmate,Win,3,No,No,,172,Yes,0.0,
Crewmate,Loss,4,No,No,,645,No,1.0,04m 38s
Imposter,Win,,,,1,111,No,,
Crewmate,Loss,1,No,No,,214,No,0.0,
Imposter,Win,,,,1,182,No,,
Crewmate,Win,1,No,No,,203,No,0.0,
Crewmate,Loss,0,No,No,,138,No,0.0,
Crewmate,Loss,2,No,Yes,,285,No,0.0,
Crewmate,Loss,1,No,No,,203,Yes,1.0,
Imposter,Win,,,,2,110,No,,
Crewmate,Loss,0,No,Yes,,35,No,0.0,
Crewmate,Loss,1,No,Yes,,206,No,0.0,
Imposter,Win,,,,2,130,No,,
Imposter,Win,,,,2,143,No,,
Crewmate,Loss,1,No,Yes,,46,No,0.0,
Crewmate,Loss,1,No,Yes,,180,No,1.0,
Crewmate,Loss,5,Yes,Yes,,294,No,1.0,04m 43s
Crewmate,Win,0,No,Yes,,118,No,0.0,
Imposter,Loss,,,,1,67,No,,
Crewmate,Loss,5,Yes,Yes,,494,No,0.0,08m 02s
Crewmate,Win,1,No,No,,121,No,0.0,
Imposter,Loss,,,,1,101,No,,
Crewmate,Loss,0,No,No,,158,No,1.0,
Imposter,Win,,,,0,297,No,,
Crewmate,Loss,3,No,Yes,,182,No,0.0,
Crewmate,Loss,1,No,Yes,,100,No,0.0,
Crewmate,Loss,4,No,Yes,,461,No,2.0,07m 40s
Imposter,Loss,,,,1,276,No,,
Crewmate,Win,4,No,Yes,,322,No,1.0,02m 30s
Crewmate,Win,4,No,No,,434,No,0.0,07m 14s
Crewmate,Win,4,No,No,,203,No,2.0,
Crewmate,Win,4,No,Yes,,395,No,0.0,
Imposter,Loss,,,,3,419,No,,
Crewmate,Win,6,Yes,Yes,,496,No,0.0,05m 58s
Crewmate,Loss,2,No,Yes,,430,No,0.0,
Crewmate,Win,6,Yes,No,,429,No,0.0,07m 08s
Crewmate,Loss,5,Yes,Yes,,665,No,0.0,05m 20s
Imposter,Loss,,,,3,386,Yes,,
Crewmate,Loss,5,Yes,Yes,,285,No,0.0,04m 44s
Crewmate,Win,1,No,No,,126,No,0.0,
Crewmate,Loss,8,Yes,No,,576,Yes,0.0,06m 46s
Imposter,Loss,,,,1,685,Yes,,
Crewmate,Loss,4,No,No,,574,Yes,0.0,
Crewmate,Win,6,No,Yes,,450,No,0.0,
Crewmate,Loss,5,No,Yes,,1222,No,3.0,
Imposter,Win,,,,2,979,Yes,,
Imposter,Loss,,,,1,454,No,,
Crewmate,Win,7,No,No,,652,No,1.0,
Crewmate,Loss,8,Yes,Yes,,680,No,1.0,07m 52s
Crewmate,Win,8,Yes,Yes,,1528,No,0.0,18m 26s
Crewmate,Loss,7,Yes,Yes,,547,No,0.0,06m 10s
Crewmate,Win,7,Yes,Yes,,570,No,0.0,04m 49s
Crewmate,Loss,7,Yes,No,,700,No,0.0,08m 30s
Crewmate,Win,7,Yes,No,,764,No,1.0,10m 35s
Crewmate,Win,6,No,No,,778,No,1.0,
Crewmate,Win,6,No,No,,423,No,0.0,
Crewmate,Loss,5,No,Yes,,666,No,0.0,
Crewmate,Loss,2,No,No,,596,No,1.0,
Crewmate,Win,3,No,No,,182,No,0.0,
Crewmate,Win,4,No,No,,741,No,1.0,
Crewmate,Loss,3,No,Yes,,518,No,2.0,
Crewmate,Win,7,Yes,Yes,,668,No,1.0,08m 35s
Crewmate,Loss,7,Yes,Yes,,865,No,0.0,04m 34s
Crewmate,Win,7,Yes,No,,973,No,0.0,13m 54s
Crewmate,Loss,7,Yes,Yes,,951,No,1.0,01m 55s
Crewmate,Win,7,Yes,No,,693,No,1.0,04m 23s
Crewmate,Loss,6,No,No,,487,No,0.0,
Crewmate,Win,7,Yes,No,,1008,No,1.0,16m 46s
Imposter,Win,,,,1,236,No,,
Imposter,Win,,,,2,555,No,,
Crewmate,Loss,5,No,Yes,,297,No,0.0,
Imposter,Loss,,,,2,939,No,,
Crewmate,Win,7,Yes,No,,540,No,3.0,08m 27s
Imposter,Win,,,,1,445,No,,
Crewmate,Loss,7,Yes,Yes,,451,No,0.0,07m 13s
Crewmate,Loss,5,No,No,,629,No,1.0,
Crewmate,Loss,1,No,No,,164,No,0.0,
Crewmate,Win,7,Yes,Yes,,1259,No,1.0,07m 45s
Crewmate,Loss,2,No,No,,278,No,0.0,
Imposter,Loss,,,,2,1106,No,,
Crewmate,Loss,5,No,No,,870,No,0.0,
Crewmate,Win,7,Yes,Yes,,976,No,0.0,13m 00s
Crewmate,Win,4,No,No,,304,No,0.0,
Crewmate,Win,2,No,No,,359,No,0.0,
Crewmate,Win,7,Yes,No,,565,No,0.0,09m 24s
Imposter,Win,,,,2,50,No,,
Crewmate,Win,3,No,No,,281,No,0.0,
Crewmate,Loss,4,No,Yes,,314,No,0.0,
Crewmate,Win,5,Yes,No,,634,No,0.0,04m 56s
Crewmate,Win,5,No,Yes,,371,No,0.0,
Crewmate,Win,8,Yes,No,,588,No,0.0,06m 47s
Crewmate,Win,3,No,No,,641,No,0.0,
Crewmate,Win,7,No,No,,586,No,0.0,
Crewmate,Win,8,Yes,No,,1299,No,1.0,10m 52s
Crewmate,Win,5,No,No,,857,No,2.0,
Crewmate,Loss,5,No,Yes,,695,No,1.0,
Crewmate,Win,8,Yes,Yes,,1112,No,2.0,15m 12s
Crewmate,Win,8,Yes,Yes,,1124,No,0.0,11m 27s
Imposter,Win,,,,3,1062,No,,
Imposter,Win,,,,1,878,No,,
Crewmate,Loss,5,No,Yes,,498,No,0.0,
Imposter,Loss,,,,1,1236,No,,
Crewmate,Win,4,No,No,,431,No,0.0,
Crewmate,Win,7,Yes,Yes,,459,No,0.0,06m 09s
Crewmate,Win,6,No,Yes,,856,No,0.0,
Crewmate,Loss,4,No,Yes,,511,No,0.0,
Imposter,Loss,,,,4,713,No,,
Crewmate,Win,6,Yes,No,,386,No,1.0,04m 18s
Imposter,Loss,,,,1,91,Yes,,
Crewmate,Loss,2,No,No,,311,No,0.0,
Crewmate,Loss,6,Yes,No,,694,No,0.0,11m 06s
Imposter,Loss,,,,2,1447,No,,
Imposter,Win,,,,1,135,No,,
Crewmate,Loss,8,Yes,Yes,,802,No,0.0,11m 19s
Crewmate,Win,8,Yes,Yes,,976,No,0.0,13m 29s
Imposter,Loss,,,,0,910,No,,
Imposter,Loss,,,,2,579,No,,
Crewmate,Win,3,No,No,,339,No,0.0,
Crewmate,Loss,5,No,No,,631,No,0.0,
Crewmate,Loss,1,No,No,,811,No,0.0,
Crewmate,Loss,1,No,Yes,,939,No,0.0,
Crewmate,Win,0,No,No,,257,No,0.0,
Crewmate,Win,2,No,No,,502,No,0.0,
Imposter,Loss,,,,2,520,No,,
Crewmate,Loss,1,No,Yes,,523,No,0.0,
Imposter,Loss,,,,1,409,No,,
Crewmate,Loss,0,No,Yes,,520,No,0.0,
Crewmate,Win,6,No,No,,793,No,0.0,
Crewmate,Loss,4,No,No,,511,No,0.0,
Crewmate,Win,0,No,No,,20,No,0.0,
Crewmate,Loss,7,Yes,Yes,,1086,No,1.0,09m 36s
Crewmate,Loss,4,No,No,,874,No,2.0,
Crewmate,Win,8,Yes,No,,648,No,0.0,10m 48s
Imposter,Win,,,,3,514,No,,
Imposter,Loss,,,,1,735,No,,
Imposter,Loss,,,,3,1130,No,,
Crewmate,Loss,7,Yes,Yes,,909,No,0.0,15m 08s
Crewmate,Loss,7,Yes,No,,865,No,0.0,07m 02s
Crewmate,Win,6,No,No,,1091,No,1.0,
Crewmate,Loss,5,No,Yes,,1169,No,1.0,
Crewmate,Win,5,No,Yes,,704,No,0.0,
Crewmate,Win,5,No,No,,504,No,0.0,
Crewmate,Win,6,No,No,,662,No,0.0,
Crewmate,Loss,7,Yes,No,,827,No,3.0,13m 21s
Crewmate,Win,7,Yes,No,,1193,Yes,1.0,16m 32s
Crewmate,Win,7,Yes,No,,839,No,1.0,13m 58s
Crewmate,Win,5,No,No,,1540,No,0.0,
Imposter,Loss,,,,4,831,Yes,,
Crewmate,Win,2,No,No,,538,No,1.0,
Crewmate,Win,7,Yes,No,,1114,No,0.0,18m 32s
Crewmate,Loss,7,Yes,No,,834,No,0.0,06m 14s
Crewmate,Loss,5,No,Yes,,1017,No,0.0,
Crewmate,Win,7,Yes,No,,1194,No,1.0,19m 16s
Crewmate,Win,7,Yes,No,,893,No,2.0,12m 32s
Crewmate,Win,7,Yes,Yes,,886,No,1.0,10m 49s
Crewmate,Win,6,No,Yes,,1046,No,2.0,
Crewmate,Loss,6,No,Yes,,728,No,1.0,
Imposter,Win,,,,4,811,No,,
Crewmate,Loss,1,No,No,,391,No,0.0,
Crewmate,Win,0,No,No,,242,No,0.0,
Crewmate,Win,1,No,Yes,,197,No,0.0,
Crewmate,Loss,6,Yes,Yes,,741,No,1.0,12m 19s
Crewmate,Win,0,No,Yes,,519,No,0.0,
Crewmate,Loss,6,Yes,Yes,,823,No,0.0,05m 12s
Crewmate,Loss,4,No,No,,660,Yes,0.0,
Crewmate,Loss,0,No,No,,204,No,1.0,
Imposter,Win,,,,1,1302,No,,
Imposter,Loss,,,,2,1098,Yes,,
Crewmate,Loss,6,No,Yes,,915,No,1.0,
Crewmate,Loss,1,No,Yes,,766,No,0.0,
Imposter,Loss,,,,2,960,Yes,,
Crewmate,Win,7,Yes,No,,798,No,0.0,09m 29s
Crewmate,Win,7,No,No,,518,No,0.0,
Crewmate,Loss,1,No,Yes,,629,No,0.0,
Crewmate,Win,7,No,Yes,,404,No,0.0,
Crewmate,Win,8,Yes,Yes,,530,No,1.0,08m 27s
Crewmate,Loss,2,No,Yes,,358,No,1.0,
Crewmate,Win,8,Yes,No,,947,No,0.0,15m 46s
Crewmate,Win,7,No,No,,659,No,0.0,
Imposter,Loss,,,,4,1174,No,,
Crewmate,Loss,2,No,Yes,,1178,No,0.0,
Crewmate,Loss,3,No,Yes,,680,No,0.0,
Crewmate,Win,8,Yes,Yes,,442,No,0.0,06m 27s
Crewmate,Win,4,No,Yes,,342,No,0.0,
Crewmate,Win,7,Yes,No,,996,No,0.0,02m 32s
Imposter,Win,,,,3,640,No,,
Crewmate,Win,3,No,No,,663,No,2.0,
Crewmate,Loss,5,No,No,,1315,No,0.0,
Crewmate,Loss,6,No,No,,706,No,0.0,
Imposter,Win,,,,1,571,No,,
Crewmate,Loss,7,Yes,No,,900,No,0.0,11m 54s
Crewmate,Loss,7,No,No,,927,No,1.0,
Crewmate,Loss,7,No,Yes,,1464,No,0.0,
Crewmate,Win,4,No,No,,963,No,2.0,
Crewmate,Loss,5,No,No,,688,No,1.0,
Crewmate,Loss,1,No,No,,456,No,0.0,
Crewmate,Win,4,No,No,,395,No,0.0,
Crewmate,Win,5,No,No,,973,No,1.0,
Crewmate,Win,5,No,Yes,,1188,No,0.0,
Imposter,Win,,,,2,685,No,,
Imposter,Win,,,,4,800,No,,
Crewmate,Loss,3,No,No,,691,No,1.0,
Imposter,Win,,,,1,377,No,,
Crewmate,Loss,5,No,Yes,,720,No,0.0,
Crewmate,Loss,5,No,Yes,,678,No,1.0,
Crewmate,Win,1,No,No,,742,No,0.0,
Crewmate,Loss,7,Yes,Yes,,884,No,0.0,11m 27s
Crewmate,Win,3,No,Yes,,716,No,3.0,
Crewmate,Win,6,No,No,,735,No,1.0,
Imposter,Win,,,,4,669,No,,
Crewmate,Win,7,Yes,No,,997,No,0.0,04m 57s
Imposter,Loss,,,,2,1234,Yes,,
Crewmate,Loss,7,Yes,Yes,,1529,No,0.0,22m 03s
Crewmate,Win,2,No,Yes,,635,No,1.0,
Crewmate,Loss,5,No,Yes,,475,No,1.0,
Imposter,Win,,,,4,852,No,,
Imposter,Win,,,,2,594,No,,
Crewmate,Win,3,No,Yes,,663,No,0.0,
Crewmate,Loss,6,Yes,No,,1249,Yes,1.0,13m 24s
Crewmate,Loss,8,Yes,Yes,,1043,No,0.0,10m 58s
Crewmate,Win,8,Yes,No,,1025,No,1.0,13m 35s
Crewmate,Loss,3,No,No,,556,No,0.0,
Crewmate,Win,8,Yes,No,,735,No,0.0,10m 02s
Imposter,Win,,,,2,465,No,,
Crewmate,Loss,7,No,Yes,,1109,No,0.0,
Crewmate,Win,8,Yes,No,,635,Yes,0.0,08m 00s
Crewmate,Win,8,Yes,No,,836,No,1.0,08m 37s
Imposter,Loss,,,,1,290,Yes,,
Crewmate,Win,8,Yes,No,,757,No,2.0,10m 41s
Crewmate,Win,7,Yes,No,,774,No,2.0,06m 01s
Imposter,Win,,,,1,488,No,,
Crewmate,Loss,4,No,No,,570,No,3.0,
Imposter,Win,,,,2,718,No,,
Crewmate,Win,7,Yes,No,,1450,No,1.0,05m 32s
Imposter,Loss,,,,1,920,Yes,,
Crewmate,Win,2,No,Yes,,340,No,0.0,
Crewmate,Win,4,No,No,,427,No,0.0,
Crewmate,Win,4,No,Yes,,300,No,0.0,
Crewmate,Win,7,Yes,Yes,,1471,No,1.0,16m 01s
Crewmate,Win,7,Yes,Yes,,987,No,2.0,15m 20s
Crewmate,Win,6,No,No,,420,No,0.0,
Crewmate,Loss,7,Yes,Yes,,866,No,0.0,06m 15s
Crewmate,Win,8,Yes,Yes,,735,No,0.0,07m 23s
Crewmate,Win,8,Yes,Yes,,808,No,0.0,10m 41s
Imposter,Win,,,,2,470,No,,
Crewmate,Loss,8,Yes,Yes,,721,No,0.0,08m 36s
Crewmate,Loss,7,No,No,,369,No,0.0,
Crewmate,Loss,6,No,Yes,,636,No,0.0,
Imposter,Win,,,,1,974,No,,
Crewmate,Win,8,Yes,No,,1049,No,0.0,16m 22s
Crewmate,Win,8,Yes,Yes,,812,No,2.0,10m 28s
Crewmate,Loss,8,Yes,No,,1081,No,0.0,13m 36s
Crewmate,Loss,8,Yes,Yes,,629,No,2.0,09m 15s
Crewmate,Win,8,Yes,No,,568,No,0.0,07m 43s
Crewmate,Win,4,No,No,,353,No,0.0,
Crewmate,Loss,5,Yes,No,,545,No,0.0,03m 54s
Crewmate,Loss,8,No,Yes,,575,No,2.0,
Crewmate,Win,9,Yes,Yes,,556,No,0.0,04m 52s
Crewmate,Loss,9,Yes,Yes,,322,No,1.0,05m 18s
Crewmate,Loss,8,Yes,Yes,,162,No,0.0,02m 34s
Crewmate,Win,0,No,No,,79,No,0.0,
Crewmate,Win,0,No,No,,49,No,0.0,
Crewmate,Win,8,Yes,No,,609,No,1.0,06m 34s
Crewmate,Win,2,No,Yes,,179,No,0.0,
Crewmate,Loss,9,Yes,Yes,,674,No,0.0,04m 30s
Crewmate,Loss,7,No,No,,417,No,0.0,
Crewmate,Win,9,Yes,Yes,,396,No,0.0,04m 08s
Imposter,Win,,,,2,378,No,,
Crewmate,Loss,8,Yes,Yes,,645,No,2.0,09m 41s
Crewmate,Win,4,No,Yes,,297,No,0.0,
Crewmate,Win,6,Yes,Yes,,494,No,0.0,04m 42s
Crewmate,Win,9,Yes,No,,725,No,0.0,08m 00s
Imposter,Loss,,,,3,635,Yes,,
Crewmate,Loss,7,No,Yes,,431,No,0.0,
Imposter,Win,,,,4,757,No,,
Crewmate,Win,9,Yes,No,,795,No,0.0,09m 48s
Imposter,Win,,,,6,234,No,,
Imposter,Win,,,,6,227,No,,
Crewmate,Loss,9,Yes,Yes,,237,No,0.0,02m 33s
Crewmate,Win,8,Yes,No,,376,No,0.0,02m 54s
Crewmate,Win,8,Yes,Yes,,1378,No,0.0,07m 23s
Crewmate,Win,8,Yes,No,,455,No,0.0,05m 50s
Crewmate,Win,8,Yes,Yes,,312,No,0.0,02m 55s
Imposter,Loss,,,,2,717,No,,
Imposter,Loss,,,,1,383,No,,
Crewmate,Loss,5,No,No,,449,No,1.0,
Crewmate,Loss,9,Yes,No,,573,No,0.0,07m 07s
Crewmate,Win,4,No,Yes,,521,No,1.0,
Crewmate,Win,1,No,Yes,,209,No,1.0,
Crewmate,Loss,8,Yes,Yes,,725,No,0.0,07m 26s
Crewmate,Win,8,Yes,No,,418,No,0.0,04m 16s
Crewmate,Win,4,No,No,,227,No,0.0,
Crewmate,Win,7,No,No,,303,No,0.0,
Crewmate,Win,5,No,Yes,,466,No,0.0,
Crewmate,Loss,1,No,Yes,,483,No,0.0,
Crewmate,Win,8,Yes,No,,839,No,0.0,06m 43s
Crewmate,Loss,5,No,No,,301,No,1.0,
Crewmate,Loss,6,No,No,,468,No,1.0,
Crewmate,Win,3,No,No,,211,No,0.0,
Imposter,Win,,,,2,327,No,,
Crewmate,Loss,7,Yes,Yes,,709,No,1.0,08m 17s
Crewmate,Win,8,Yes,No,,1480,No,0.0,09m 39s
Crewmate,Win,8,Yes,Yes,,634,No,0.0,08m 37s
Crewmate,Win,4,No,Yes,,461,No,0.0,
Crewmate,Win,8,Yes,Yes,,1078,No,0.0,17m 58s
Crewmate,Win,5,No,Yes,,1076,No,0.0,
Crewmate,Loss,4,No,Yes,,960,No,0.0,
Crewmate,Win,2,No,No,,255,No,0.0,
Crewmate,Win,8,Yes,No,,1210,No,2.0,15m 19s
Crewmate,Win,7,Yes,Yes,,1081,No,0.0,14m 32s
Crewmate,Win,7,Yes,No,,1147,No,1.0,14m 15s
Imposter,Loss,,,,2,890,No,,
Crewmate,Win,2,No,Yes,,1211,No,0.0,
Crewmate,Win,7,Yes,Yes,,1351,No,1.0,17m 13s
Crewmate,Loss,2,No,Yes,,614,No,1.0,
Crewmate,Win,5,No,Yes,,646,No,0.0,
Crewmate,Win,7,Yes,No,,957,No,0.0,15m 55s
Crewmate,Loss,7,Yes,No,,656,No,0.0,10m 51s
Imposter,Loss,,,,3,750,No,,
Imposter,Loss,,,,2,696,No,,
Crewmate,Win,7,Yes,Yes,,1107,No,0.0,12m 50s
Crewmate,Win,7,Yes,Yes,,748,No,0.0,06m 01s
Crewmate,Loss,3,No,Yes,,377,No,0.0,03m 37s
Crewmate,Loss,3,No,No,,637,No,0.0,
Imposter,Loss,,,,1,669,No,,
Imposter,Win,,,,1,947,No,,
Crewmate,Loss,5,No,Yes,,454,No,0.0,
Crewmate,Loss,0,No,Yes,,209,No,0.0,
Crewmate,Win,3,No,No,,382,No,0.0,
Crewmate,Win,8,Yes,Yes,,873,No,0.0,06m 24s
Imposter,Win,,,,2,897,No,,
Crewmate,Loss,2,No,Yes,,564,No,0.0,
Crewmate,Loss,2,No,Yes,,548,No,0.0,
Imposter,Loss,,,,4,893,No,,
Imposter,Win,,,,4,643,No,,
Crewmate,Win,0,No,No,,120,No,0.0,
Crewmate,Win,1,No,No,,43,No,0.0,
Crewmate,Loss,2,No,Yes,,315,No,0.0,
Imposter,Win,,,,2,436,No,,
Crewmate,Win,8,Yes,No,,1740,No,0.0,14m 07s
Imposter,Win,,,,2,513,No,,
Crewmate,Loss,3,No,No,,707,No,1.0,
Crewmate,Loss,6,No,Yes,,706,No,0.0,
Crewmate,Loss,8,Yes,Yes,,987,No,0.0,09m 17s
Imposter,Win,,,,2,665,No,,
Crewmate,Loss,8,Yes,No,,1063,No,0.0,14m 18s
Crewmate,Win,2,No,Yes,,411,No,0.0,
Imposter,Loss,,,,3,545,No,,
Crewmate,Win,7,Yes,No,,1097,No,0.0,13m 54s
Crewmate,Loss,7,Yes,Yes,,1175,No,1.0,14m 29s
Crewmate,Win,0,No,No,,620,No,2.0,
Crewmate,Win,7,Yes,No,,872,No,0.0,08m 06s
Crewmate,Win,8,Yes,Yes,,1374,No,0.0,15m 24s
Crewmate,Loss,8,Yes,Yes,,1388,No,1.0,13m 39s
Crewmate,Loss,8,Yes,No,,936,No,2.0,09m 14s
Imposter,Win,,,,2,663,No,,
Crewmate,Loss,3,No,Yes,,508,No,0.0,
Crewmate,Loss,3,No,Yes,,145,No,0.0,
Crewmate,Loss,2,No,Yes,,118,No,0.0,
Crewmate,Win,1,No,Yes,,363,No,0.0,
Crewmate,Loss,2,No,Yes,,237,No,0.0,
Crewmate,Win,7,Yes,Yes,,591,No,0.0,08m 23s
Crewmate,Win,5,No,No,,909,No,0.0,
Imposter,Loss,,,,3,941,No,,
Crewmate,Loss,5,No,Yes,,571,No,0.0,
Crewmate,Win,7,Yes,Yes,,618,No,0.0,04m 04s
Crewmate,Win,3,No,No,,254,No,1.0,
Imposter,Loss,,,,3,1049,No,,
Crewmate,Win,8,Yes,Yes,,811,No,0.0,07m 09s
Crewmate,Loss,8,Yes,No,,1082,No,0.0,17m 52s
Crewmate,Loss,6,No,Yes,,631,No,0.0,
Crewmate,Win,2,No,No,,568,No,0.0,
Imposter,Loss,,,,2,353,No,,
Crewmate,Loss,8,Yes,No,,1087,No,0.0,11m 31s
Crewmate,Loss,6,No,No,,491,No,1.0,
Crewmate,Win,8,Yes,Yes,,1152,No,0.0,15m 17s
Crewmate,Loss,3,No,Yes,,495,No,0.0,
Crewmate,Loss,8,Yes,Yes,,692,No,0.0,05m 56s
Crewmate,Win,4,No,Yes,,903,No,0.0,
Crewmate,Loss,8,Yes,Yes,,1155,No,1.0,12m 35s
Crewmate,Win,8,Yes,Yes,,1258,No,1.0,19m 32s
Imposter,Loss,,,,3,976,Yes,,
Imposter,Win,,,,3,744,No,,
Imposter,Loss,,,,5,994,Yes,,
Crewmate,Loss,7,No,No,,874,No,1.0,
Crewmate,Win,8,Yes,Yes,,953,No,0.0,15m 34s
Crewmate,Win,6,No,No,,667,No,1.0,
Crewmate,Loss,7,No,Yes,,465,No,0.0,
Crewmate,Loss,1,No,No,,393,No,0.0,
Crewmate,Loss,7,Yes,No,,764,No,2.0,12m 36s
Crewmate,Loss,7,Yes,Yes,,672,No,0.0,10m 59s
Crewmate,Loss,3,No,Yes,,463,No,0.0,
Crewmate,Win,6,Yes,No,,543,No,1.0,08m 53s
Crewmate,Loss,6,No,No,,844,No,0.0,
Crewmate,Loss,4,No,Yes,,902,No,1.0,
Crewmate,Win,8,Yes,Yes,,1217,No,1.0,05m 14s
Imposter,Win,,,,2,741,Yes,,
Crewmate,Loss,1,No,No,,293,Yes,0.0,
Crewmate,Win,5,No,Yes,,869,No,2.0,
Crewmate,Win,3,No,No,,976,No,1.0,
Crewmate,Loss,4,No,Yes,,539,No,1.0,
Imposter,Win,,,,2,189,No,,
Imposter,Win,,,,3,520,No,,
Crewmate,Win,6,No,No,,426,No,0.0,
Crewmate,Win,8,Yes,No,,793,No,2.0,11m 20s
Imposter,Win,,,,0,73,No,,
Crewmate,Loss,0,No,No,,526,No,1.0,
Crewmate,Win,2,No,No,,693,No,0.0,
Imposter,Loss,,,,1,414,Yes,,
Crewmate,Win,5,No,No,,836,No,1.0,
Crewmate,Win,3,No,No,,462,No,0.0,
Crewmate,Loss,2,No,No,,563,Yes,0.0,
Crewmate,Loss,4,No,Yes,,650,No,0.0,
Imposter,Loss,,,,2,311,Yes,,
Crewmate,Win,4,No,No,,441,Yes,1.0,
Crewmate,Win,6,No,No,,880,No,0.0,
Imposter,Loss,,,,2,868,Yes,,
Crewmate,Win,6,Yes,No,,536,No,0.0,08m 20s
Imposter,Win,,,,0,288,No,,
Crewmate,Win,1,No,Yes,,764,No,0.0,
Crewmate,Win,3,No,No,,942,No,1.0,
Crewmate,Loss,4,No,Yes,,563,No,1.0,
Crewmate,Win,7,Yes,Yes,,698,No,0.0,08m 23s
Crewmate,Win,7,Yes,No,,861,No,1.0,06m 52s
Imposter,Win,,,,3,790,No,,
Imposter,Loss,,,,2,852,No,,
Imposter,Win,,,,2,606,No,,
Crewmate,Win,2,No,No,,41,No,0.0,
Crewmate,Win,5,Yes,Yes,,668,No,1.0,04m 46s
Crewmate,Win,5,Yes,Yes,,630,No,2.0,10m 30s
Crewmate,Win,5,Yes,No,,473,No,1.0,03m 51s
Crewmate,Loss,5,Yes,Yes,,244,No,0.0,01m 03s
Crewmate,Win,5,Yes,Yes,,399,No,0.0,05m 02s
Crewmate,Win,5,Yes,No,,252,No,0.0,02m 45s
Imposter,Win,,,,1,265,No,,
Crewmate,Win,3,No,Yes,,401,No,4.0,
Crewmate,Win,3,No,Yes,,594,No,0.0,02m 45s
Imposter,Win,,,,2,307,No,,
Crewmate,Win,2,No,No,,407,No,3.0,
Crewmate,Win,2,No,No,,256,No,1.0,
Crewmate,Loss,2,No,No,,196,No,1.0,
Crewmate,Loss,5,Yes,Yes,,395,No,0.0,05m 30s
Crewmate,Loss,5,Yes,Yes,,562,No,1.0,07m 03s
Crewmate,Win,5,Yes,No,,339,No,1.0,01m 46s
Imposter,Loss,,,,4,383,No,,
Crewmate,Win,4,No,Yes,,118,No,0.0,
Crewmate,Loss,5,No,No,,309,No,1.0,
Crewmate,Loss,6,Yes,Yes,,510,No,2.0,06m 17s
Imposter,Loss,,,,1,414,Yes,,
Crewmate,Win,6,Yes,Yes,,345,No,0.0,03m 00s
Crewmate,Loss,6,Yes,Yes,,386,No,3.0,06m 03s
Crewmate,Win,4,No,Yes,,382,No,2.0,04m 59s
Crewmate,Win,2,No,No,,271,No,0.0,
Imposter,Win,,,,2,267,No,,
Imposter,Loss,,,,1,131,Yes,,
Crewmate,Loss,3,No,Yes,,54,No,0.0,
Crewmate,Loss,1,No,No,,292,Yes,1.0,
Crewmate,Loss,1,No,No,,176,No,4.0,
Crewmate,Loss,3,No,No,,645,Yes,1.0,
Crewmate,Loss,1,No,Yes,,215,No,1.0,
Crewmate,Loss,2,No,Yes,,51,No,0.0,
Crewmate,Loss,1,No,Yes,,139,No,0.0,
Crewmate,Loss,3,No,Yes,,283,No,1.0,
Imposter,Win,,,,1,337,No,,
Crewmate,Loss,5,Yes,Yes,,381,No,2.0,01m 54s
Crewmate,Win,5,Yes,Yes,,562,No,0.0,06m 02s
Crewmate,Loss,2,No,No,,186,Yes,1.0,
Imposter,Win,,,,0,95,No,,
Crewmate,Win,2,No,No,,238,No,2.0,
Crewmate,Loss,5,Yes,No,,614,Yes,1.0,04m 25s
Crewmate,Win,4,No,No,,226,No,0.0,
Imposter,Win,,,,2,177,No,,
Imposter,Loss,,,,2,338,Yes,,
Crewmate,Win,5,Yes,No,,431,No,0.0,03m 43s
Imposter,Win,,,,2,173,No,,
Crewmate,Win,5,Yes,No,,404,Yes,3.0,02m 14s
Crewmate,Loss,5,Yes,Yes,,451,No,0.0,07m 06s
Crewmate,Win,3,No,Yes,,484,No,0.0,
Imposter,Win,,,,3,300,No,,
Crewmate,Win,3,No,No,,213,No,1.0,
Crewmate,Win,5,Yes,Yes,,389,No,0.0,04m 59s
Crewmate,Win,1,No,Yes,,57,No,0.0,
Crewmate,Loss,2,No,Yes,,104,No,0.0,
Crewmate,Loss,1,No,No,,22,No,0.0,
Imposter,Win,,,,1,132,No,,
Crewmate,Loss,5,Yes,Yes,,451,No,2.0,03m 31s
Crewmate,Loss,2,No,Yes,,148,No,1.0,
Crewmate,Win,5,Yes,No,,288,No,1.0,03m 15s
Crewmate,Loss,5,Yes,Yes,,197,No,0.0,02m 51s
Crewmate,Win,5,Yes,No,,370,No,0.0,02m 35s
Crewmate,Win,5,No,Yes,,392,No,1.0,
Crewmate,Loss,2,No,Yes,,226,No,1.0,
Crewmate,Win,3,No,Yes,,266,No,0.0,
Crewmate,Loss,2,No,No,,240,No,0.0,
Crewmate,Win,2,No,No,,235,No,0.0,
Crewmate,Loss,5,Yes,Yes,,192,No,0.0,03m 07s
Imposter,Win,,,,1,119,No,,
Crewmate,Loss,3,No,Yes,,114,No,0.0,
Imposter,Win,,,,1,136,No,,
Crewmate,Win,1,No,No,,248,No,1.0,
Imposter,Loss,,,,2,503,Yes,,
Crewmate,Loss,2,No,No,,156,No,2.0,
Crewmate,Loss,3,No,Yes,,257,No,1.0,
Imposter,Loss,,,,1,107,Yes,,
Crewmate,Win,5,Yes,Yes,,439,No,0.0,03m 21s
Crewmate,Win,4,No,No,,411,No,3.0,04m 56s
Crewmate,Loss,1,No,No,,98,No,0.0,
Crewmate,Win,4,No,No,,355,No,3.0,05m 06s
Crewmate,Win,4,No,No,,685,No,5.0,05m 48s
Imposter,Win,,,,2,202,No,,
Crewmate,Win,4,No,Yes,,453,No,0.0,03m 28s
Crewmate,Loss,4,No,No,,168,No,0.0,00m 54s
Crewmate,Loss,3,No,No,,186,No,0.0,
Crewmate,Win,1,No,No,,329,No,1.0,
Crewmate,Loss,2,No,No,,76,No,0.0,
Crewmate,Loss,5,No,Yes,,234,No,0.0,
Crewmate,Win,7,Yes,No,,511,No,2.0,04m 25s
Crewmate,Win,6,Yes,No,,462,No,0.0,04m 18s
Imposter,Win,,,,2,196,No,,
Crewmate,Win,5,Yes,No,,617,No,4.0,05m 15s
Crewmate,Win,4,No,No,,500,No,1.0,03m 27s
Crewmate,Loss,4,No,Yes,,482,No,1.0,
Imposter,Win,,,,2,127,No,,
Crewmate,Loss,5,Yes,No,,666,Yes,2.0,08m 13s
Crewmate,Win,3,No,No,,251,No,2.0,
Crewmate,Win,5,Yes,Yes,,633,No,1.0,09m 03s
Crewmate,Win,5,Yes,Yes,,336,No,0.0,04m 50s
Crewmate,Loss,2,No,Yes,,219,No,0.0,
Imposter,Win,,,,1,507,No,,
Crewmate,Loss,3,No,No,,575,No,0.0,
Crewmate,Win,6,No,No,,515,No,0.0,
Crewmate,Loss,10,Yes,Yes,,1191,No,0.0,12m 58s
Crewmate,Win,10,Yes,Yes,,1234,No,1.0,17m 14s
Crewmate,Win,5,No,Yes,,509,No,1.0,
Imposter,Win,,,,1,219,No,,
Crewmate,Loss,7,No,No,,494,No,0.0,
Crewmate,Loss,7,No,No,,494,No,0.0,
Crewmate,Win,3,No,No,,881,No,1.0,
Crewmate,Win,3,No,No,,881,No,1.0,
Crewmate,Win,8,Yes,Yes,,824,No,1.0,10m 25s
Crewmate,Win,8,Yes,Yes,,823,No,1.0,10m 25s
Crewmate,Loss,7,No,Yes,,615,No,1.0,
Crewmate,Loss,7,No,Yes,,615,No,1.0,
Crewmate,Win,8,Yes,Yes,,1013,No,0.0,09m 50s
Crewmate,Win,8,Yes,Yes,,1013,No,0.0,09m 50s
Crewmate,Loss,6,No,No,,459,No,0.0,
Crewmate,Loss,6,No,No,,458,No,0.0,
Imposter,Win,,,,2,802,No,,
Imposter,Win,,,,2,802,No,,
Imposter,Loss,,,,1,375,Yes,,
Imposter,Loss,,,,1,376,Yes,,
Crewmate,Loss,6,No,Yes,,712,No,0.0,
Crewmate,Loss,6,No,Yes,,712,No,0.0,
Crewmate,Win,5,No,Yes,,309,No,0.0,
Crewmate,Win,5,No,Yes,,310,No,0.0,
Imposter,Win,,,,1,728,No,,
Imposter,Win,,,,1,728,No,,
Crewmate,Win,8,Yes,No,,790,No,0.0,12m 06s
Crewmate,Win,8,Yes,No,,790,No,0.0,12m 07s
Crewmate,Loss,8,Yes,Yes,,884,No,0.0,07m 36s
Crewmate,Loss,8,Yes,Yes,,884,No,0.0,07m 36s
Crewmate,Loss,6,No,No,,495,Yes,1.0,
Crewmate,Loss,6,No,No,,495,Yes,1.0,
Crewmate,Loss,5,No,Yes,,384,No,1.0,
Crewmate,Loss,5,No,Yes,,384,No,1.0,
Crewmate,Loss,1,No,Yes,,155,No,0.0,
Crewmate,Loss,1,No,Yes,,155,No,0.0,
Crewmate,Loss,4,No,No,,375,No,0.0,
Crewmate,Loss,4,No,No,,375,No,0.0,
Crewmate,Win,3,No,Yes,,483,No,0.0,
Crewmate,Win,3,No,Yes,,483,No,0.0,
Crewmate,Win,1,No,Yes,,601,No,0.0,
Crewmate,Win,1,No,Yes,,601,No,0.0,
Imposter,Loss,,,,2,632,Yes,,
Imposter,Loss,,,,2,632,Yes,,
Crewmate,Win,1,No,No,,173,No,0.0,
Crewmate,Win,1,No,No,,173,No,0.0,
Crewmate,Loss,6,No,No,,500,No,1.0,
Crewmate,Loss,6,No,No,,500,No,1.0,
Crewmate,Win,3,No,No,,343,No,0.0,
Crewmate,Win,3,No,No,,343,No,0.0,
Crewmate,Loss,5,No,No,,442,No,0.0,
Imposter,Win,,,,2,315,No,,
Crewmate,Loss,6,Yes,Yes,,782,No,1.0,09m 47s
Crewmate,Win,6,Yes,No,,988,No,0.0,12m 02s
Crewmate,Win,6,Yes,Yes,,1047,No,0.0,11m 41s
Crewmate,Win,6,Yes,Yes,,815,No,0.0,04m 26s
Crewmate,Loss,5,No,Yes,,708,No,0.0,
Crewmate,Loss,4,No,No,,613,No,0.0,
Crewmate,Win,5,No,No,,330,No,1.0,
Crewmate,Win,6,Yes,Yes,,717,No,1.0,08m 23s
Crewmate,Loss,7,Yes,Yes,,386,No,0.0,05m 01s
Crewmate,Loss,7,Yes,Yes,,570,No,0.0,05m 40s
Crewmate,Win,7,Yes,Yes,,476,No,0.0,05m 57s
Crewmate,Win,1,No,No,,306,No,0.0,
Crewmate,Win,7,Yes,Yes,,546,No,0.0,05m 21s
Imposter,Win,,,,0,844,No,,
Imposter,Loss,,,,3,356,No,,
Imposter,Loss,,,,2,1050,No,,
Crewmate,Win,7,Yes,No,,408,No,2.0,04m 01s
Crewmate,Win,6,No,No,,423,No,0.0,
Crewmate,Loss,5,No,No,,284,No,0.0,
Crewmate,Win,2,No,No,,259,No,0.0,04m 15s
Crewmate,Win,7,Yes,No,,600,No,3.0,05m 29s
Crewmate,Win,7,Yes,No,,1274,No,0.0,16m 42s
Crewmate,Loss,6,No,No,,954,No,0.0,
Crewmate,Loss,8,Yes,No,,948,No,2.0,14m 13s
Crewmate,Win,8,Yes,Yes,,981,No,0.0,10m 12s
Crewmate,Win,5,No,No,,388,No,1.0,
Crewmate,Win,8,Yes,No,,1082,No,1.0,09m 53s
Imposter,Win,,,,2,614,No,,
Crewmate,Win,5,No,No,,646,No,2.0,
Imposter,Loss,,,,1,956,No,,
Crewmate,Loss,7,Yes,Yes,,640,No,2.0,10m 21s
Crewmate,Loss,7,Yes,Yes,,808,No,0.0,09m 40s
Crewmate,Win,7,Yes,No,,746,No,0.0,12m 22s
Crewmate,Win,5,No,Yes,,883,No,0.0,
Crewmate,Win,4,No,No,,919,No,1.0,
Crewmate,Win,2,No,Yes,,346,No,1.0,
Crewmate,Loss,6,Yes,Yes,,606,No,0.0,06m 13s
Crewmate,Win,4,No,Yes,,494,No,0.0,
Crewmate,Loss,5,No,No,,660,Yes,2.0,
Imposter,Loss,,,,2,850,No,,
Crewmate,Win,7,Yes,No,,851,No,1.0,14m 10s
Crewmate,Win,7,Yes,No,,1185,No,1.0,15m 16s
Crewmate,Win,7,Yes,No,,618,No,0.0,06m 13s
Crewmate,Win,7,Yes,No,,1177,No,1.0,16m 02s
Imposter,Win,,,,2,201,No,,
Crewmate,Win,1,No,No,,226,No,0.0,
Crewmate,Win,1,No,No,,107,No,0.0,
Crewmate,Loss,6,No,Yes,,430,No,1.0,
Crewmate,Win,7,No,No,,1157,No,0.0,
Crewmate,Win,8,Yes,No,,681,No,1.0,11m 20s
Crewmate,Loss,4,No,No,,148,No,1.0,
Imposter,Loss,,,,3,808,No,,
Crewmate,Loss,8,Yes,Yes,,988,No,0.0,10m 52s
Crewmate,Loss,8,Yes,Yes,,749,No,1.0,11m 28s
Crewmate,Loss,3,No,No,,727,Yes,0.0,
Crewmate,Win,4,No,No,,1051,Yes,0.0,
Crewmate,Win,4,No,No,,580,No,1.0,
Crewmate,Loss,3,No,Yes,,813,No,3.0,
Imposter,Win,,,,2,874,No,,
Crewmate,Win,6,No,Yes,,1080,No,0.0,
Crewmate,Win,8,Yes,Yes,,713,No,0.0,11m 46s
Crewmate,Win,8,Yes,Yes,,944,No,0.0,15m 41s
Imposter,Loss,,,,1,367,Yes,,
Crewmate,Win,4,No,No,,724,No,0.0,
Imposter,Loss,,,,3,791,Yes,,
Imposter,Win,,,,3,822,No,,
Crewmate,Loss,3,No,Yes,,626,No,0.0,
Crewmate,Loss,5,No,Yes,,1061,No,1.0,
Crewmate,Loss,5,No,Yes,,558,No,1.0,
Crewmate,Win,1,No,No,,275,No,0.0,
Crewmate,Win,1,No,No,,440,No,1.0,
Crewmate,Loss,6,Yes,No,,1012,No,0.0,09m 33s
Imposter,Win,,,,3,586,No,,
Crewmate,Win,6,Yes,No,,686,No,0.0,05m 33s
Crewmate,Win,6,Yes,No,,519,No,0.0,08m 39s
Imposter,Loss,,,,2,611,No,,
Crewmate,Win,4,No,No,,861,No,1.0,
Crewmate,Loss,6,No,No,,645,No,1.0,
Imposter,Loss,,,,1,1011,No,,
Crewmate,Loss,8,Yes,Yes,,938,No,5.0,15m 37s
Crewmate,Loss,8,Yes,Yes,,682,No,1.0,11m 21s
Imposter,Win,,,,3,360,No,,
Imposter,Loss,,,,3,842,Yes,,
Crewmate,Win,6,No,No,,1208,No,2.0,
Crewmate,Loss,4,No,Yes,,632,No,2.0,
Imposter,Loss,,,,1,408,Yes,,
Imposter,Loss,,,,1,375,Yes,,
Imposter,Win,,,,1,19,No,,
Crewmate,Loss,3,No,No,,208,No,2.0,
Crewmate,Loss,1,No,No,,201,No,1.0,
Crewmate,Win,4,No,Yes,,413,No,0.0,
Crewmate,Win,8,Yes,No,,1072,No,1.0,17m 51s
Imposter,Loss,,,,1,184,No,,
Crewmate,Win,8,Yes,No,,455,No,1.0,05m 49s
Crewmate,Win,6,No,Yes,,612,No,1.0,
Crewmate,Win,7,No,No,,1019,No,1.0,
Crewmate,Win,9,Yes,Yes,,924,No,1.0,11m 41s
Crewmate,Win,2,No,No,,974,No,1.0,
Imposter,Win,,,,3,617,No,,
Crewmate,Loss,9,Yes,Yes,,708,No,0.0,11m 14s
Crewmate,Win,9,Yes,Yes,,887,No,0.0,11m 37s
Crewmate,Loss,5,No,Yes,,792,No,0.0,
Crewmate,Win,6,No,No,,803,No,1.0,
Crewmate,Win,4,No,Yes,,597,No,0.0,
Crewmate,Win,4,No,Yes,,783,No,1.0,
Crewmate,Loss,3,No,Yes,,614,No,0.0,
Imposter,Loss,,,,1,447,Yes,,
Crewmate,Loss,7,Yes,No,,541,No,0.0,05m 05s
Crewmate,Win,1,No,No,,628,No,1.0,
Imposter,Loss,,,,2,421,Yes,,
Crewmate,Loss,0,No,Yes,,246,No,0.0,
Crewmate,Loss,8,Yes,Yes,,822,No,1.0,13m 42s
Crewmate,Loss,8,Yes,No,,710,No,1.0,11m 49s
Crewmate,Loss,8,Yes,No,,473,No,0.0,07m 53s
Crewmate,Loss,8,Yes,Yes,,960,No,0.0,06m 58s
Imposter,Loss,,,,1,822,Yes,,
Crewmate,Loss,8,Yes,Yes,,1031,No,0.0,12m 22s
Crewmate,Loss,8,Yes,No,,952,No,1.0,11m 46s
Crewmate,Loss,6,No,No,,615,No,0.0,
Crewmate,Loss,4,No,No,,519,No,0.0,
Crewmate,Loss,6,No,No,,665,No,1.0,
Crewmate,Loss,1,No,No,,564,No,1.0,
Crewmate,Loss,8,Yes,No,,645,No,1.0,10m 45s
Crewmate,Loss,8,Yes,Yes,,1136,No,0.0,13m 26s
Crewmate,Loss,3,No,No,,457,No,1.0,
Crewmate,Win,7,Yes,No,,499,No,1.0,07m 54s
Imposter,Loss,,,,1,302,Yes,,
Crewmate,Win,7,Yes,Yes,,346,No,0.0,04m 44s
Crewmate,Loss,5,No,No,,841,No,2.0,
Crewmate,Win,6,No,Yes,,396,No,0.0,
Imposter,Loss,,,,2,476,Yes,,
Imposter,Win,,,,4,618,No,,
Crewmate,Win,6,No,No,,896,No,0.0,
Crewmate,Win,1,No,No,,214,No,0.0,
Imposter,Loss,,,,0,572,Yes,,
Crewmate,Win,4,No,No,,102,No,0.0,01m 41s
Crewmate,Win,4,No,No,,114,No,0.0,01m 30s
Crewmate,Win,4,No,No,,97,No,0.0,01m 16s
Crewmate,Loss,4,No,Yes,,161,No,0.0,01m 09s
Crewmate,Win,4,No,No,,134,No,1.0,01m 28s
Crewmate,Win,4,No,Yes,,115,No,0.0,01m 16s
Crewmate,Win,4,No,Yes,,127,No,0.0,01m 19s
Crewmate,Loss,4,No,Yes,,151,No,0.0,01m 12s
Crewmate,Loss,4,No,Yes,,153,No,0.0,01m 44s
Crewmate,Win,4,No,No,,101,No,0.0,00m 41s
Crewmate,Win,4,No,No,,134,No,0.0,01m 04s
Crewmate,Loss,0,No,Yes,,176,No,0.0,
Crewmate,Loss,1,No,Yes,,229,No,0.0,
Crewmate,Loss,5,Yes,No,,326,Yes,0.0,04m 07s
Crewmate,Win,3,No,No,,343,No,2.0,
Crewmate,Win,3,No,Yes,,434,No,0.0,
Crewmate,Loss,3,No,Yes,,328,No,1.0,
Imposter,Loss,,,,2,345,Yes,,
Crewmate,Win,5,Yes,Yes,,608,No,0.0,05m 01s
Crewmate,Win,5,Yes,Yes,,624,No,2.0,09m 43s
Crewmate,Loss,0,No,No,,254,Yes,0.0,
Crewmate,Loss,2,No,Yes,,70,No,0.0,
Crewmate,Win,2,No,No,,347,No,0.0,
Crewmate,Win,2,No,No,,201,No,0.0,
Crewmate,Loss,6,No,No,,638,No,0.0,
Crewmate,Loss,7,No,No,,1154,No,1.0,
Crewmate,Loss,5,No,Yes,,884,No,0.0,
Crewmate,Win,7,Yes,Yes,,694,No,1.0,06m 48s
Crewmate,Loss,3,No,Yes,,609,No,0.0,
Crewmate,Loss,1,No,No,,277,Yes,0.0,
Crewmate,Loss,4,No,No,,374,No,0.0,
Crewmate,Win,1,No,No,,86,No,0.0,
Crewmate,Win,2,No,No,,121,No,1.0,
Crewmate,Win,2,No,No,,465,No,0.0,
Imposter,Loss,,,,3,529,Yes,,
Crewmate,Win,2,No,No,,161,No,0.0,
Imposter,Loss,,,,3,556,Yes,,
Crewmate,Win,0,No,No,,239,No,2.0,
Crewmate,Loss,4,No,Yes,,416,No,0.0,
Imposter,Loss,,,,3,405,No,,
Imposter,Win,,,,3,580,No,,
Imposter,Win,,,,4,562,No,,
Crewmate,Win,7,Yes,No,,637,No,0.0,10m 36s
Crewmate,Win,7,Yes,Yes,,856,No,1.0,09m 45s
Imposter,Loss,,,,1,436,No,,
Imposter,Loss,,,,2,544,No,,
Crewmate,Win,0,No,No,,66,No,0.0,
Imposter,Loss,,,,3,405,Yes,,
Crewmate,Win,2,No,No,,97,No,0.0,
Crewmate,Loss,7,Yes,Yes,,622,No,0.0,07m 31s
Imposter,Loss,,,,2,505,No,,
Crewmate,Win,4,No,No,,418,No,1.0,
Crewmate,Loss,4,No,Yes,,501,No,0.0,
Crewmate,Loss,3,No,No,,469,No,1.0,
Imposter,Win,,,,2,452,No,,
Imposter,Win,,,,4,744,No,,
Crewmate,Win,7,Yes,No,,1244,No,0.0,09m 57s
Imposter,Loss,,,,2,1112,No,,
Crewmate,Loss,7,Yes,Yes,,840,No,0.0,13m 59s
Crewmate,Win,7,Yes,Yes,,981,No,1.0,10m 52s
Crewmate,Win,4,No,No,,779,No,2.0,
Crewmate,Win,1,No,No,,84,No,0.0,
Crewmate,Loss,6,Yes,Yes,,730,No,0.0,05m 13s
Imposter,Loss,,,,4,526,Yes,,
Imposter,Loss,,,,3,611,Yes,,
Crewmate,Loss,1,No,No,,207,No,0.0,
Crewmate,Loss,5,Yes,No,,377,No,1.0,05m 04s
Crewmate,Loss,4,No,No,,602,No,1.0,
Crewmate,Loss,4,No,Yes,,477,No,1.0,
Crewmate,Loss,4,No,Yes,,283,No,0.0,
Crewmate,Loss,2,No,Yes,,238,No,0.0,
Crewmate,Loss,5,No,No,,538,No,1.0,
Crewmate,Loss,7,Yes,Yes,,760,No,0.0,08m 56s
Crewmate,Win,7,Yes,No,,744,No,3.0,10m 12s
Crewmate,Win,4,No,No,,249,No,0.0,01m 56s
Crewmate,Win,7,Yes,Yes,,846,No,0.0,10m 23s
Crewmate,Loss,8,Yes,No,,611,No,0.0,09m 56s
Crewmate,Loss,5,No,Yes,,437,No,0.0,
Imposter,Win,,,,2,455,No,,
Crewmate,Loss,5,No,No,,617,No,0.0,
Crewmate,Loss,8,Yes,No,,810,No,0.0,07m 44s
Crewmate,Loss,5,No,No,,634,No,0.0,
Crewmate,Loss,4,No,No,,469,No,1.0,
Crewmate,Win,8,Yes,No,,681,No,2.0,08m 22s
Crewmate,Win,8,Yes,Yes,,993,No,1.0,08m 18s
Crewmate,Win,4,No,No,,644,No,1.0,
Crewmate,Loss,7,Yes,Yes,,791,No,0.0,09m 00s
Imposter,Win,,,,4,1020,No,,
Crewmate,Win,3,No,No,,426,No,0.0,
Imposter,Loss,,,,3,400,Yes,,
Crewmate,Win,4,No,Yes,,673,No,0.0,03m 53s
Crewmate,Win,1,No,Yes,,123,No,0.0,
Crewmate,Loss,3,No,No,,703,No,4.0,
Crewmate,Win,6,No,Yes,,780,No,0.0,
Crewmate,Win,2,No,No,,57,No,0.0,
Crewmate,Loss,4,No,No,,767,Yes,0.0,
Crewmate,Loss,8,Yes,Yes,,1079,No,0.0,12m 04s
Crewmate,Loss,3,No,No,,563,Yes,2.0,
Crewmate,Loss,4,No,No,,131,No,1.0,
Imposter,Win,,,,5,142,No,,
Crewmate,Win,7,Yes,Yes,,1046,No,0.0,09m 48s
Crewmate,Win,6,No,No,,564,No,2.0,
Crewmate,Loss,7,Yes,No,,935,No,0.0,11m 34s
Imposter,Loss,,,,2,1382,No,,
Crewmate,Win,7,Yes,No,,786,No,1.0,06m 13s
Crewmate,Win,2,No,Yes,,1204,No,0.0,
Imposter,Win,,,,2,1045,No,,
Crewmate,Loss,3,No,No,,307,No,0.0,
Crewmate,Win,7,Yes,No,,1327,No,2.0,15m 48s
Crewmate,Win,8,Yes,No,,774,No,2.0,10m 14s
Crewmate,Win,6,No,Yes,,588,No,0.0,
Crewmate,Win,8,Yes,No,,552,No,1.0,08m 53s
Crewmate,Loss,4,No,Yes,,373,No,0.0,
Crewmate,Loss,2,No,Yes,,476,No,1.0,
Crewmate,Loss,3,No,Yes,,367,No,0.0,
Crewmate,Win,4,No,No,,566,No,1.0,
Crewmate,Win,4,No,No,,228,No,1.0,
Crewmate,Loss,6,No,Yes,,550,No,0.0,
Crewmate,Win,8,Yes,Yes,,923,No,0.0,06m 30s
Crewmate,Loss,1,No,Yes,,1084,No,0.0,
Crewmate,Win,1,No,Yes,,1105,No,0.0,
Crewmate,Win,7,No,Yes,,710,No,0.0,
Imposter,Win,,,,2,1023,No,,
Crewmate,Loss,0,No,No,,231,No,0.0,
Crewmate,Loss,0,No,Yes,,337,No,0.0,
Crewmate,Loss,0,No,Yes,,429,No,0.0,
Crewmate,Loss,3,No,Yes,,982,No,0.0,
Crewmate,Loss,3,No,Yes,,519,No,0.0,
Crewmate,Win,8,Yes,Yes,,972,No,1.0,10m 10s
Crewmate,Loss,8,Yes,No,,783,No,0.0,12m 26s
Crewmate,Loss,8,Yes,Yes,,1307,No,0.0,06m 27s
Imposter,Win,,,,1,1463,No,,
Crewmate,Loss,3,No,No,,519,No,1.0,
Crewmate,Win,7,No,No,,597,No,1.0,
Crewmate,Loss,8,Yes,Yes,,836,No,0.0,08m 26s
Crewmate,Win,6,Yes,No,,749,No,1.0,05m 18s
Crewmate,Loss,2,No,Yes,,472,No,0.0,
Crewmate,Win,0,No,No,,324,No,0.0,
Crewmate,Win,0,No,No,,142,No,0.0,
Crewmate,Loss,0,No,No,,348,No,1.0,
Crewmate,Win,1,No,No,,357,No,0.0,
Crewmate,Win,3,No,Yes,,1174,No,0.0,
Crewmate,Loss,7,Yes,Yes,,795,No,0.0,05m 50s
Crewmate,Win,5,No,No,,796,No,0.0,
Crewmate,Win,3,No,Yes,,660,No,0.0,
Crewmate,Win,7,Yes,No,,1081,No,1.0,11m 32s
Imposter,Win,,,,4,865,Yes,,
Imposter,Loss,,,,2,1013,No,,
Crewmate,Win,7,Yes,Yes,,1165,No,0.0,14m 58s
Crewmate,Win,4,No,No,,522,No,0.0,
Imposter,Win,,,,4,66,No,,
Crewmate,Win,3,No,No,,507,No,0.0,
Crewmate,Win,7,Yes,Yes,,774,No,0.0,12m 30s
Imposter,Loss,,,,2,742,No,,
Crewmate,Loss,2,No,No,,294,No,0.0,
Imposter,Loss,,,,1,307,No,,
Crewmate,Win,7,Yes,No,,549,No,0.0,05m 18s
Crewmate,Loss,7,Yes,Yes,,847,No,0.0,04m 27s
Crewmate,Loss,7,Yes,Yes,,852,No,0.0,09m 29s
Imposter,Win,,,,4,558,No,,
Crewmate,Loss,7,Yes,Yes,,858,No,0.0,10m 26s
Crewmate,Loss,3,No,Yes,,500,No,0.0,
Crewmate,Loss,7,No,Yes,,349,No,0.0,
Crewmate,Win,8,Yes,No,,1016,No,0.0,06m 22s
Crewmate,Loss,2,No,Yes,,551,No,0.0,
Crewmate,Loss,8,Yes,Yes,,907,No,0.0,06m 13s
Crewmate,Loss,8,Yes,No,,1057,No,0.0,17m 00s
Crewmate,Win,8,Yes,No,,1101,No,0.0,16m 52s
Crewmate,Win,8,Yes,No,,696,No,1.0,02m 06s
Crewmate,Loss,6,No,Yes,,1006,No,0.0,
Crewmate,Loss,1,No,Yes,,499,No,0.0,
Imposter,Win,,,,1,597,No,,
Crewmate,Loss,8,Yes,Yes,,829,No,0.0,09m 45s
Crewmate,Win,2,No,No,,458,No,0.0,
Crewmate,Win,5,No,Yes,,613,No,0.0,
Crewmate,Loss,8,Yes,Yes,,869,No,0.0,03m 24s
Crewmate,Win,2,No,No,,73,No,0.0,
Crewmate,Win,1,No,No,,91,No,0.0,
Crewmate,Loss,8,Yes,Yes,,693,No,0.0,10m 53s
Crewmate,Loss,4,No,No,,430,No,0.0,
Crewmate,Loss,8,Yes,Yes,,1219,No,1.0,16m 56s
Crewmate,Loss,3,No,Yes,,620,No,0.0,
Crewmate,Loss,8,Yes,Yes,,783,No,0.0,12m 28s
Crewmate,Win,6,No,Yes,,841,No,0.0,
Crewmate,Loss,8,Yes,Yes,,978,No,0.0,09m 00s
Crewmate,Win,6,No,No,,778,No,0.0,
Crewmate,Win,4,No,No,,899,No,0.0,
Crewmate,Win,8,Yes,No,,687,No,0.0,08m 13s
Crewmate,Loss,8,Yes,Yes,,1315,No,0.0,08m 44s
Crewmate,Loss,8,Yes,No,,762,No,0.0,07m 24s
Crewmate,Loss,7,No,Yes,,427,No,0.0,
Crewmate,Win,8,Yes,Yes,,804,No,0.0,09m 11s
Crewmate,Loss,8,Yes,No,,466,No,1.0,07m 46s
Crewmate,Loss,8,Yes,Yes,,659,No,0.0,10m 04s
Crewmate,Win,7,No,Yes,,790,No,0.0,
Imposter,Win,,,,2,992,No,,
Crewmate,Win,1,No,Yes,,313,No,0.0,
Crewmate,Loss,8,Yes,Yes,,790,No,0.0,09m 00s
Crewmate,Win,8,Yes,No,,1145,No,0.0,09m 10s
Imposter,Loss,,,,1,1236,No,,
Crewmate,Win,5,No,No,,971,No,0.0,
Crewmate,Loss,7,Yes,Yes,,882,No,0.0,11m 13s
Crewmate,Win,3,No,Yes,,632,No,0.0,
Crewmate,Win,7,Yes,Yes,,766,No,0.0,10m 55s
Crewmate,Loss,3,No,Yes,,328,No,0.0,
Crewmate,Win,7,Yes,No,,853,No,0.0,10m 06s
Imposter,Win,,,,4,758,No,,
Crewmate,Win,7,Yes,No,,727,No,0.0,07m 05s
Crewmate,Win,5,No,No,,517,No,0.0,
Imposter,Win,,,,6,948,No,,
Crewmate,Win,8,Yes,Yes,,981,No,0.0,10m 54s
Crewmate,Win,5,No,Yes,,388,No,0.0,
Crewmate,Win,8,Yes,No,,1082,No,1.0,17m 17s
Imposter,Loss,,,,4,1013,No,,
Crewmate,Loss,8,Yes,Yes,,1412,No,0.0,10m 31s
Crewmate,Loss,8,Yes,Yes,,882,No,0.0,09m 20s
Crewmate,Loss,6,No,No,,939,No,0.0,
Crewmate,Win,7,Yes,Yes,,948,No,0.0,15m 18s
Crewmate,Win,7,Yes,Yes,,1082,No,0.0,14m 01s
Imposter,Loss,,,,1,1038,Yes,,
Crewmate,Win,4,No,No,,806,No,0.0,
Crewmate,Loss,7,Yes,Yes,,898,No,0.0,05m 34s
Crewmate,Win,6,No,No,,473,No,0.0,
Crewmate,Win,7,Yes,Yes,,992,No,0.0,16m 29s
Crewmate,Win,7,Yes,Yes,,1023,No,0.0,14m 02s
Crewmate,Win,6,No,No,,306,No,0.0,
Crewmate,Win,2,No,No,,399,No,0.0,
Crewmate,Win,8,Yes,No,,615,No,0.0,10m 14s
Imposter,Win,,,,3,869,No,,
Crewmate,Win,8,Yes,No,,589,No,0.0,07m 29s
Crewmate,Win,3,No,No,,641,No,0.0,
Crewmate,Win,4,No,No,,585,No,0.0,
Crewmate,Win,8,Yes,No,,1299,No,1.0,17m 13s
Crewmate,Win,8,Yes,Yes,,857,No,0.0,08m 55s
Crewmate,Loss,0,No,Yes,,695,No,0.0,
Crewmate,Win,5,No,No,,541,No,0.0,
Crewmate,Loss,5,No,Yes,,686,No,0.0,
Crewmate,Win,7,Yes,Yes,,1134,No,0.0,09m 32s
Crewmate,Win,6,No,Yes,,742,No,0.0,
Crewmate,Loss,4,No,No,,678,No,0.0,
Crewmate,Win,5,No,Yes,,848,No,0.0,
Crewmate,Win,4,No,No,,492,No,0.0,
Crewmate,Loss,7,Yes,Yes,,663,No,0.0,10m 44s
Crewmate,Win,2,No,No,,335,No,0.0,
Crewmate,Loss,7,Yes,No,,826,No,0.0,13m 43s
Crewmate,Win,6,No,No,,904,No,0.0,
Imposter,Loss,,,,1,372,No,,
Crewmate,Win,2,No,Yes,,483,No,0.0,
Crewmate,Loss,5,No,No,,307,No,0.0,
Crewmate,Win,8,Yes,No,,639,No,0.0,04m 33s
Imposter,Loss,,,,5,1215,No,,
Crewmate,Loss,7,Yes,No,,896,No,0.0,11m 43s
Crewmate,Win,3,No,No,,408,No,0.0,
Imposter,Win,,,,1,591,No,,
Crewmate,Win,6,Yes,No,,749,No,1.0,05m 18s
Crewmate,Loss,2,No,Yes,,472,No,0.0,
Crewmate,Win,0,No,No,,324,No,0.0,
Crewmate,Win,0,No,No,,142,No,0.0,
Crewmate,Loss,0,No,No,,348,No,1.0,
Crewmate,Win,1,No,No,,357,No,0.0,
Crewmate,Win,3,No,Yes,,1174,No,0.0,
Crewmate,Loss,7,Yes,Yes,,795,No,0.0,05m 50s
Crewmate,Win,5,No,No,,796,No,0.0,
Crewmate,Win,3,No,Yes,,660,No,0.0,
Crewmate,Win,7,Yes,No,,1081,No,1.0,11m 32s
Imposter,Win,,,,4,865,Yes,,
Imposter,Loss,,,,2,1013,No,,
Crewmate,Win,7,Yes,Yes,,1165,No,0.0,14m 58s
Crewmate,Win,4,No,No,,522,No,0.0,
Imposter,Win,,,,4,66,No,,
Crewmate,Win,3,No,No,,507,No,0.0,
Crewmate,Win,7,Yes,Yes,,774,No,0.0,12m 30s
Imposter,Loss,,,,2,742,No,,
Crewmate,Loss,2,No,No,,294,No,0.0,
Imposter,Loss,,,,1,307,No,,
Crewmate,Win,7,Yes,No,,549,No,0.0,05m 18s
Crewmate,Loss,7,Yes,Yes,,847,No,0.0,04m 27s
Crewmate,Loss,7,Yes,Yes,,852,No,0.0,09m 29s
Imposter,Win,,,,4,558,No,,
Crewmate,Loss,7,Yes,Yes,,858,No,0.0,10m 26s
Crewmate,Loss,3,No,Yes,,500,No,0.0,
Crewmate,Loss,7,No,Yes,,349,No,0.0,
Crewmate,Win,8,Yes,No,,1016,No,0.0,06m 22s
Crewmate,Loss,2,No,Yes,,551,No,0.0,
Crewmate,Loss,8,Yes,Yes,,907,No,0.0,06m 13s
Crewmate,Loss,8,Yes,No,,1057,No,0.0,17m 00s
Crewmate,Win,8,Yes,No,,1101,No,0.0,16m 52s
Crewmate,Win,8,Yes,No,,696,No,1.0,02m 06s
Crewmate,Loss,6,No,Yes,,1006,No,0.0,
Crewmate,Loss,1,No,Yes,,499,No,0.0,
Imposter,Win,,,,1,597,No,,
Crewmate,Loss,8,Yes,Yes,,829,No,0.0,09m 45s
Crewmate,Win,2,No,No,,458,No,0.0,
Crewmate,Win,5,No,Yes,,613,No,0.0,
Crewmate,Loss,8,Yes,Yes,,869,No,0.0,03m 24s
Crewmate,Win,2,No,No,,73,No,0.0,
Crewmate,Win,1,No,No,,91,No,0.0,
Crewmate,Loss,8,Yes,Yes,,693,No,0.0,10m 53s
Crewmate,Loss,4,No,No,,430,No,0.0,
Crewmate,Loss,8,Yes,Yes,,1219,No,1.0,16m 56s
Crewmate,Loss,3,No,Yes,,620,No,0.0,
Crewmate,Loss,8,Yes,Yes,,783,No,0.0,12m 28s
Crewmate,Win,6,No,Yes,,841,No,0.0,
Crewmate,Loss,8,Yes,Yes,,978,No,0.0,09m 00s
Crewmate,Win,6,No,No,,778,No,0.0,
Crewmate,Win,4,No,No,,899,No,0.0,
Crewmate,Win,8,Yes,No,,687,No,0.0,08m 13s
Crewmate,Loss,8,Yes,Yes,,1315,No,0.0,08m 44s
Crewmate,Loss,8,Yes,No,,762,No,0.0,07m 24s
Crewmate,Loss,7,No,Yes,,427,No,0.0,
Crewmate,Win,8,Yes,Yes,,804,No,0.0,09m 11s
Crewmate,Loss,8,Yes,No,,466,No,1.0,07m 46s
Crewmate,Loss,8,Yes,Yes,,659,No,0.0,10m 04s
Crewmate,Win,7,No,Yes,,790,No,0.0,
Imposter,Win,,,,2,992,No,,
Crewmate,Win,1,No,Yes,,313,No,0.0,
Crewmate,Loss,8,Yes,Yes,,790,No,0.0,09m 00s
Crewmate,Win,8,Yes,No,,1145,No,0.0,09m 10s
Imposter,Loss,,,,1,1236,No,,
Crewmate,Win,5,No,No,,971,No,0.0,
Crewmate,Loss,7,Yes,Yes,,882,No,0.0,11m 13s
Crewmate,Win,3,No,Yes,,632,No,0.0,
Crewmate,Win,7,Yes,Yes,,766,No,0.0,10m 55s
Crewmate,Loss,3,No,Yes,,328,No,0.0,
Crewmate,Win,7,Yes,No,,853,No,0.0,10m 06s
Imposter,Win,,,,4,758,No,,
Crewmate,Win,7,Yes,No,,727,No,0.0,07m 05s
Crewmate,Win,5,No,No,,517,No,0.0,
Imposter,Win,,,,6,948,No,,
Crewmate,Win,8,Yes,Yes,,981,No,0.0,10m 54s
Crewmate,Win,5,No,Yes,,388,No,0.0,
Crewmate,Win,8,Yes,No,,1082,No,1.0,17m 17s
Imposter,Loss,,,,4,1013,No,,
Crewmate,Loss,8,Yes,Yes,,1412,No,0.0,10m 31s
Crewmate,Loss,8,Yes,Yes,,882,No,0.0,09m 20s
Imposter,Loss,,,,2,499,No,,
Crewmate,Win,3,No,No,,346,No,0.0,
Crewmate,Win,3,No,No,,272,No,0.0,
Crewmate,Win,6,No,No,,1022,No,0.0,
Crewmate,Win,4,No,Yes,,351,No,0.0,
Crewmate,Loss,4,No,Yes,,201,No,0.0,
Crewmate,Loss,1,No,No,,297,No,0.0,
Imposter,Win,,,,3,300,No,,
Crewmate,Win,7,Yes,No,,834,No,0.0,12m 18s
Imposter,Win,,,,3,563,No,,
Crewmate,Win,7,Yes,Yes,,1309,No,1.0,14m 20s
Crewmate,Win,7,Yes,Yes,,746,No,0.0,05m 25s
Crewmate,Win,7,Yes,No,,883,No,0.0,10m 18s
Imposter,Loss,,,,1,919,Yes,,
Crewmate,Win,2,No,No,,347,No,0.0,
Crewmate,Win,6,Yes,No,,494,No,0.0,07m 30s
Crewmate,Loss,8,Yes,Yes,,1387,No,2.0,06m 20s
Crewmate,Loss,8,Yes,Yes,,936,No,0.0,06m 05s
Crewmate,Loss,7,No,No,,987,No,0.0,
Crewmate,Win,2,No,No,,308,No,0.0,
Crewmate,Win,8,Yes,No,,625,No,1.0,05m 59s
Crewmate,Win,8,Yes,No,,825,No,1.0,06m 17s
Imposter,Win,,,,4,815,No,,
Imposter,Win,,,,3,742,No,,
Crewmate,Win,8,Yes,Yes,,1236,No,0.0,06m 34s
Crewmate,Win,8,Yes,No,,1052,No,0.0,10m 09s
Imposter,Loss,,,,3,1123,No,,
Crewmate,Win,5,No,No,,322,No,0.0,
Crewmate,Win,8,Yes,Yes,,1225,No,0.0,15m 51s
Crewmate,Win,8,Yes,Yes,,754,No,1.0,10m 54s
Crewmate,Win,8,Yes,Yes,,1060,No,1.0,12m 44s
Crewmate,Loss,8,Yes,Yes,,1216,No,0.0,11m 48s
Crewmate,Loss,8,Yes,Yes,,818,No,0.0,05m 10s
Crewmate,Loss,6,No,No,,598,No,0.0,
Crewmate,Loss,8,Yes,No,,360,No,0.0,05m 26s
Crewmate,Loss,8,Yes,No,,646,No,0.0,09m 53s
Crewmate,Loss,8,Yes,No,,916,No,0.0,11m 39s
Crewmate,Win,8,Yes,No,,989,Yes,1.0,11m 40s
Crewmate,Loss,8,Yes,Yes,,682,No,0.0,04m 50s
Imposter,Loss,,,,3,618,Yes,,
Crewmate,Win,8,Yes,No,,704,No,1.0,09m 04s
Crewmate,Win,5,No,No,,510,No,0.0,
Crewmate,Win,8,Yes,Yes,,755,No,0.0,10m 41s
Crewmate,Win,7,Yes,No,,996,No,1.0,06m 14s
Crewmate,Win,6,Yes,Yes,,940,No,0.0,04m 58s
Crewmate,Win,7,Yes,No,,1115,No,2.0,05m 34s
Crewmate,Win,7,Yes,Yes,,837,No,0.0,07m 13s
Crewmate,Loss,7,Yes,No,,1020,No,0.0,09m 34s
Crewmate,Win,7,Yes,Yes,,1208,No,0.0,11m 22s
Crewmate,Win,7,Yes,Yes,,894,No,0.0,07m 02s
Crewmate,Win,7,Yes,No,,888,No,1.0,06m 10s
Crewmate,Win,7,Yes,Yes,,1049,No,0.0,11m 29s
Crewmate,Loss,7,Yes,No,,731,No,1.0,02m 31s
Crewmate,Loss,7,Yes,Yes,,821,No,1.0,13m 25s
Imposter,Win,,,,4,915,No,,
Crewmate,Loss,7,Yes,No,,766,No,0.0,09m 26s
Crewmate,Win,7,Yes,No,,961,No,2.0,08m 30s
Crewmate,Win,7,Yes,Yes,,799,No,2.0,05m 30s
Crewmate,Win,8,Yes,Yes,,993,No,0.0,16m 32s
Crewmate,Win,4,No,Yes,,523,No,0.0,
Crewmate,Loss,4,No,Yes,,631,No,0.0,
Imposter,Loss,,,,1,407,No,,
Crewmate,Win,8,Yes,No,,532,No,1.0,06m 34s
Crewmate,Loss,5,No,No,,361,No,0.0,
Crewmate,Win,8,Yes,No,,952,No,1.0,05m 49s
Crewmate,Win,8,Yes,No,,661,No,0.0,09m 06s
Crewmate,Win,8,Yes,No,,1175,No,0.0,12m 38s
Crewmate,Loss,8,Yes,No,,1178,No,1.0,05m 30s
Crewmate,Loss,6,No,No,,680,No,1.0,
Crewmate,Win,5,No,No,,442,No,1.0,
Crewmate,Win,7,No,Yes,,342,No,0.0,
Crewmate,Win,7,Yes,Yes,,998,No,0.0,06m 17s
Crewmate,Win,7,Yes,No,,1169,No,1.0,18m 30s
Crewmate,Win,7,Yes,Yes,,926,No,1.0,07m 21s
Crewmate,Loss,5,No,Yes,,548,No,0.0,
Crewmate,Win,7,Yes,Yes,,704,No,0.0,07m 51s
Crewmate,Loss,7,Yes,Yes,,1148,No,3.0,06m 15s
Crewmate,Win,6,No,No,,576,No,0.0,
Imposter,Win,,,,3,524,No,,
Crewmate,Win,7,Yes,No,,638,No,0.0,09m 38s
Imposter,Win,,,,3,1011,No,,
Crewmate,Win,7,Yes,Yes,,666,No,0.0,06m 15s
Crewmate,Win,6,No,No,,368,No,2.0,
Crewmate,Win,7,Yes,No,,1181,No,3.0,09m 25s
Crewmate,Win,4,No,No,,945,No,0.0,
Imposter,Loss,,,,4,993,Yes,,
Imposter,Loss,,,,1,606,Yes,,
Imposter,Win,,,,1,230,No,,
Crewmate,Win,7,Yes,No,,379,No,1.0,05m 16s
Imposter,Loss,,,,1,406,No,,
Imposter,Win,,,,2,852,No,,
Crewmate,Win,3,No,Yes,,663,No,1.0,
Crewmate,Win,7,Yes,No,,668,No,0.0,09m 53s
Imposter,Win,,,,2,1001,No,,
Crewmate,Win,7,Yes,No,,822,No,0.0,12m 50s
Crewmate,Win,7,Yes,No,,866,No,1.0,09m 39s
Crewmate,Win,0,No,Yes,,912,No,0.0,
Imposter,Win,,,,2,249,No,,
Crewmate,Win,1,No,No,,137,No,0.0,
Crewmate,Win,1,No,No,,200,No,0.0,
Crewmate,Win,6,No,No,,500,No,0.0,
Crewmate,Loss,7,Yes,Yes,,1185,No,1.0,05m 15s
Crewmate,Win,3,No,No,,346,No,0.0,
Crewmate,Win,4,No,No,,177,No,0.0,
Crewmate,Win,8,Yes,Yes,,926,No,0.0,08m 40s
Crewmate,Win,1,No,No,,240,No,0.0,
Imposter,Loss,,,,3,1204,No,,
Imposter,Loss,,,,4,1328,No,,
Crewmate,Win,7,Yes,No,,1162,No,1.0,17m 35s
Crewmate,Loss,7,Yes,Yes,,829,No,0.0,09m 17s
Crewmate,Win,7,Yes,Yes,,1037,No,0.0,09m 02s
Imposter,Win,,,,1,738,No,,
Imposter,Win,,,,2,589,No,,
Imposter,Loss,,,,3,905,No,,
Imposter,Win,,,,3,668,No,,
Crewmate,Win,8,Yes,No,,566,No,0.0,06m 44s
Crewmate,Win,8,Yes,Yes,,1137,No,0.0,09m 23s
Crewmate,Win,8,Yes,Yes,,1131,No,0.0,08m 26s
Crewmate,Loss,7,Yes,No,,773,No,0.0,09m 07s
Imposter,Loss,,,,1,740,Yes,,
Crewmate,Win,5,No,Yes,,613,No,1.0,
Crewmate,Win,7,Yes,Yes,,1063,No,0.0,11m 59s
Crewmate,Win,8,Yes,Yes,,1244,No,3.0,07m 23s
Imposter,Loss,,,,2,919,No,,
Imposter,Win,,,,1,458,No,,
Crewmate,Loss,2,No,Yes,,363,No,0.0,
Crewmate,Win,8,Yes,No,,281,No,1.0,02m 47s
Imposter,Win,,,,2,608,No,,
Imposter,Loss,,,,5,659,No,,
Crewmate,Win,8,Yes,No,,790,No,1.0,09m 36s
Crewmate,Win,8,Yes,No,,936,No,2.0,12m 08s
Crewmate,Loss,8,Yes,Yes,,962,No,0.0,10m 27s
Imposter,Loss,,,,1,254,Yes,,
Crewmate,Win,3,No,Yes,,641,No,0.0,
Crewmate,Win,1,No,No,,753,No,1.0,
Crewmate,Win,7,Yes,Yes,,1069,No,2.0,01m 44s
Crewmate,Loss,7,Yes,Yes,,910,No,0.0,06m 49s
Crewmate,Loss,7,Yes,Yes,,701,No,1.0,06m 33s
Crewmate,Loss,0,No,Yes,,149,No,0.0,
Crewmate,Win,8,Yes,No,,801,No,0.0,10m 02s
Crewmate,Win,8,Yes,Yes,,904,No,0.0,11m 20s
Crewmate,Loss,8,Yes,No,,585,No,1.0,05m 34s
Imposter,Win,,,,2,695,No,,
Imposter,Win,,,,2,548,No,,
Imposter,Win,,,,4,1061,No,,
Imposter,Win,,,,4,841,No,,
Crewmate,Loss,7,Yes,Yes,,497,No,1.0,02m 09s
Crewmate,Win,7,Yes,Yes,,1236,No,0.0,10m 25s
Crewmate,Win,7,Yes,No,,431,No,0.0,01m 54s
Crewmate,Win,5,No,No,,450,No,0.0,
Crewmate,Win,7,Yes,No,,834,No,0.0,12m 36s
Crewmate,Loss,7,Yes,Yes,,489,No,0.0,05m 09s
Crewmate,Loss,6,No,Yes,,679,No,4.0,
Crewmate,Win,7,Yes,Yes,,825,No,0.0,08m 09s
Crewmate,Loss,7,Yes,Yes,,858,No,0.0,10m 42s
Crewmate,Loss,8,Yes,Yes,,1215,No,4.0,16m 03s
Crewmate,Loss,2,No,No,,891,Yes,2.0,
Crewmate,Win,8,Yes,No,,990,No,0.0,16m 29s
Crewmate,Win,8,Yes,No,,640,No,2.0,09m 01s
Crewmate,Win,8,Yes,Yes,,1204,No,1.0,07m 07s
Crewmate,Loss,8,Yes,Yes,,952,No,0.0,10m 29s
Crewmate,Win,5,No,No,,451,No,0.0,
Imposter,Loss,,,,2,755,No,,
Crewmate,Loss,0,No,Yes,,354,No,0.0,
Imposter,Win,,,,1,764,No,,
Crewmate,Loss,3,No,No,,672,No,3.0,
Imposter,Win,,,,2,751,No,,
Crewmate,Win,7,Yes,No,,1122,No,1.0,08m 58s
Crewmate,Win,3,No,No,,438,No,0.0,
Crewmate,Win,5,No,No,,500,No,0.0,
Crewmate,Loss,7,Yes,Yes,,726,No,0.0,08m 18s
Crewmate,Loss,0,No,No,,142,No,0.0,
Crewmate,Loss,7,Yes,Yes,,842,No,0.0,08m 23s
Crewmate,Win,7,Yes,Yes,,578,No,0.0,06m 35s
Crewmate,Win,4,No,Yes,,399,No,0.0,
Crewmate,Loss,8,Yes,No,,942,No,1.0,09m 18s
Crewmate,Win,8,Yes,No,,960,No,0.0,11m 00s
Crewmate,Loss,8,Yes,No,,688,No,0.0,11m 17s
Crewmate,Win,8,Yes,Yes,,962,No,1.0,10m 39s
Crewmate,Win,2,No,No,,77,No,0.0,
Crewmate,Loss,8,Yes,No,,923,No,1.0,12m 30s
Crewmate,Loss,5,No,Yes,,736,No,0.0,
Crewmate,Loss,7,Yes,No,,1110,No,0.0,11m 01s
Crewmate,Win,4,No,No,,809,No,1.0,
Imposter,Win,,,,2,315,No,,
Crewmate,Win,7,Yes,No,,892,No,0.0,06m 08s
Crewmate,Win,7,Yes,No,,1276,No,0.0,09m 05s
Crewmate,Loss,7,Yes,Yes,,913,No,1.0,05m 44s
Crewmate,Win,6,No,No,,802,No,0.0,
Crewmate,Loss,7,Yes,Yes,,832,No,1.0,09m 19s
Crewmate,Loss,7,Yes,Yes,,1146,No,1.0,05m 14s
Crewmate,Loss,7,Yes,Yes,,879,No,1.0,01m 49s
Crewmate,Loss,7,Yes,Yes,,865,No,0.0,13m 54s
Crewmate,Win,7,Yes,Yes,,1082,No,0.0,17m 11s
Crewmate,Loss,7,Yes,Yes,,1161,No,0.0,06m 33s
Imposter,Loss,,,,2,662,No,,
Crewmate,Loss,7,Yes,Yes,,416,No,0.0,04m 09s
Crewmate,Win,7,Yes,Yes,,1326,No,0.0,06m 31s
Crewmate,Loss,7,Yes,No,,821,No,0.0,06m 06s
Crewmate,Loss,8,Yes,Yes,,807,No,0.0,05m 37s
