,본부명,지사명,노선명,구간,방.향,X5km,발생건수,위도.x,경도,X,번호,생태통로명,주소,도로명,도로번호,차선_수,위도.y,위도
1, 수도권 , 경기광주 , 제2중부선 ,330~335, 통영 ,330,5,37.2830594,127.3855901,NA,NA,NA,NA,NA,NA,NA,NA,37.2830594
2, 수도권 , 경기광주 , 제2중부선 ,335~340, 하남 ,335,3,37.3153254,127.3472754,NA,NA,NA,NA,NA,NA,NA,NA,37.3153254
3, 수도권 , 경기광주 , 중부선 ,330~335, 통영 ,330,3,37.2831926,127.3849201,NA,NA,NA,NA,NA,NA,NA,NA,37.2831926
4, 수도권 , 경기광주 , 중부선 ,340~345, 통영 ,340,3,37.3536425,127.3205395,NA,NA,NA,NA,NA,NA,NA,NA,37.3536425
5, 수도권 , 경기광주 , 중부선 ,325~330, 하남 ,325,3,37.2489572,127.4213702,NA,NA,NA,NA,NA,NA,NA,NA,37.2489572
6, 수도권 , 경기광주 , 중부선 ,330~335, 하남 ,330,3,37.2831926,127.3849201,NA,NA,NA,NA,NA,NA,NA,NA,37.2831926
7, 수도권 , 경기광주 , 중부선 ,350~355, 하남 ,350,5,37.438927,127.2891253,NA,NA,NA,NA,NA,NA,NA,NA,37.438927
8, 수도권 , 동서울 , 수도권제1순환선 ,120~125, 일산 ,120,4,37.3903004,127.0096347,NA,NA,NA,NA,NA,NA,NA,NA,37.3903004
9, 수도권 , 동서울 , 수도권제1순환선 ,30~35, 판교 ,30,3,37.6138233,127.1420652,NA,NA,NA,NA,NA,NA,NA,NA,37.6138233
10, 수도권 , 동서울 , 수도권제1순환선 ,115~120, 판교 ,115,3,37.3791853,126.9574134,NA,NA,NA,NA,NA,NA,NA,NA,37.3791853
11, 수도권 , 시흥 , 제2경인선 ,20~25, 안양 ,20,3,37.4398798,126.8492325,NA,NA,NA,NA,NA,NA,NA,NA,37.4398798
12, 강원 , 강릉 , 동해선 ,15~20, 속초 ,15,3,37.4862924,129.0907032,NA,NA,NA,NA,NA,NA,NA,NA,37.4862924
13, 강원 , 강릉 , 동해선 ,50~55, 속초 ,50,3,37.6908378,128.8971321,NA,NA,NA,NA,NA,NA,NA,NA,37.6908378
14, 강원 , 양양 , 서울양양선 ,95~100, 양양 ,95,3,37.7885332,128.1371004,NA,NA,NA,NA,NA,NA,NA,NA,37.7885332
15, 강원 , 이천 , 영동선 ,55~60, 인천 ,55,3,37.2477833,127.23533,NA,NA,NA,NA,NA,NA,NA,NA,37.2477833
16, 강원 , 이천 , 중부내륙선 ,280~285, 양평 ,280,3,37.3480828,127.5412771,NA,NA,NA,NA,NA,NA,NA,NA,37.3480828
17, 강원 , 홍천 , 중앙선 ,315~320, 부산 ,315,8,37.340987,127.9125914,NA,NA,NA,NA,NA,NA,NA,NA,37.340987
18, 강원 , 홍천 , 중앙선 ,345~350, 부산 ,345,4,37.572884,127.9732079,NA,NA,NA,NA,NA,NA,NA,NA,37.572884
19, 강원 , 홍천 , 중앙선 ,350~355, 부산 ,350,3,37.6134811,127.9563302,NA,NA,NA,NA,NA,NA,NA,NA,37.6134811
20, 강원 , 홍천 , 중앙선 ,355~360, 부산 ,355,3,37.646758,127.9193938,NA,NA,NA,NA,NA,NA,NA,NA,37.646758
21, 강원 , 홍천 , 중앙선 ,360~365, 부산 ,360,3,37.6701836,127.8743817,NA,NA,NA,NA,NA,NA,NA,NA,37.6701836
22, 강원 , 홍천 , 중앙선 ,375~380, 부산 ,375,3,37.7664292,127.7909967,NA,NA,NA,NA,NA,NA,NA,NA,37.7664292
23, 강원 , 홍천 , 중앙선 ,385~390, 부산 ,385,3,37.8387689,127.7779955,NA,NA,NA,NA,NA,NA,NA,NA,37.8387689
24, 강원 , 홍천 , 중앙선 ,315~320, 춘천 ,315,6,37.340987,127.9125914,NA,NA,NA,NA,NA,NA,NA,NA,37.340987
25, 강원 , 홍천 , 중앙선 ,325~330, 춘천 ,325,6,37.4183258,127.916969,NA,NA,NA,NA,NA,NA,NA,NA,37.4183258
26, 강원 , 홍천 , 중앙선 ,345~350, 춘천 ,345,3,37.572884,127.9732079,NA,NA,NA,NA,NA,NA,NA,NA,37.572884
27, 강원 , 홍천 , 중앙선 ,375~380, 춘천 ,375,4,37.7664292,127.7909967,NA,NA,NA,NA,NA,NA,NA,NA,37.7664292
28, 강원 , 홍천 , 중앙선 ,380~385, 춘천 ,380,3,37.8022068,127.7716686,NA,NA,NA,NA,NA,NA,NA,NA,37.8022068
29, 강원 , 홍천 , 중앙선 ,385~390, 춘천 ,385,4,37.8387689,127.7779955,NA,NA,NA,NA,NA,NA,NA,NA,37.8387689
30, 충북 , 보은 , 청주상주선 ,0~5, 상주 ,0,3,36.5647448,127.4306527,NA,NA,NA,NA,NA,NA,NA,NA,36.5647448
31, 충북 , 보은 , 청주상주선 ,5~10, 상주 ,5,3,36.5458603,127.479322,NA,NA,NA,NA,NA,NA,NA,NA,36.5458603
32, 충북 , 보은 , 청주상주선 ,45~50, 상주 ,45,3,36.4474108,127.8883615,NA,NA,NA,NA,NA,NA,NA,NA,36.4474108
33, 충북 , 엄정 , 평택제천선 ,90~95, 제천 ,90,3,37.0363053,127.7918926,NA,NA,NA,NA,NA,NA,NA,NA,37.0363053
34, 충북 , 엄정 , 평택제천선 ,35~40, 평택 ,35,6,36.9817443,127.2375483,NA,NA,NA,NA,NA,NA,NA,NA,36.9817443
35, 충북 , 제천 , 중앙선 ,270~275, 부산 ,270,4,37.0512475,128.2059482,NA,NA,NA,NA,NA,NA,NA,NA,37.0512475
36, 충북 , 제천 , 중앙선 ,260~265, 춘천 ,260,3,37.0048542,128.2941624,NA,NA,NA,NA,NA,NA,NA,NA,37.0048542
37, 충북 , 진천 , 중부선 ,255~260, 통영 ,255,4,36.666547,127.4240858,NA,NA,NA,NA,NA,NA,NA,NA,36.666547
38, 충북 , 진천 , 중부선 ,290~295, 통영 ,290,5,36.9476101,127.4714058,NA,NA,NA,NA,NA,NA,NA,NA,36.9476101
39, 충북 , 진천 , 중부선 ,300~305, 통영 ,300,3,37.035401,127.4801145,NA,NA,NA,NA,NA,NA,NA,NA,37.035401
40, 충북 , 진천 , 중부선 ,320~325, 통영 ,320,5,37.2077647,127.4422137,NA,NA,NA,NA,NA,NA,NA,NA,37.2077647
41, 충북 , 진천 , 중부선 ,250~255, 하남 ,250,4,36.6222664,127.4202485,NA,NA,NA,NA,NA,NA,NA,NA,36.6222664
42, 충북 , 진천 , 중부선 ,260~265, 하남 ,260,5,36.7088023,127.4375391,NA,NA,NA,NA,NA,NA,NA,NA,36.7088023
43, 충북 , 진천 , 중부선 ,270~275, 하남 ,270,3,36.7782731,127.5066813,NA,NA,NA,NA,NA,NA,NA,NA,36.7782731
44, 충북 , 진천 , 중부선 ,300~305, 하남 ,300,6,37.035401,127.4801145,NA,NA,NA,NA,NA,NA,NA,NA,37.035401
45, 충북 , 진천 , 중부선 ,305~310, 하남 ,305,4,37.0774519,127.4625306,NA,NA,NA,NA,NA,NA,NA,NA,37.0774519
46, 대전충남 , 공주 , 당진대전선 ,50~55, 당진 ,50,3,36.5450241,126.9895716,NA,NA,NA,NA,NA,NA,NA,NA,36.5450241
47, 대전충남 , 공주 , 당진대전선 ,60~65, 당진 ,60,3,36.4847862,127.0585342,NA,NA,NA,NA,NA,NA,NA,NA,36.4847862
48, 대전충남 , 공주 , 당진대전선 ,85~90, 당진 ,85,3,36.4278717,127.2883162,NA,NA,NA,NA,NA,NA,NA,NA,36.4278717
49, 대전충남 , 공주 , 당진대전선 ,70~75, 대전 ,70,3,36.4975705,127.1654894,NA,NA,NA,NA,NA,NA,NA,NA,36.4975705
50, 대전충남 , 공주 , 당진대전선 ,75~80, 대전 ,75,4,36.4878046,127.2162697,NA,NA,NA,NA,NA,NA,NA,NA,36.4878046
51, 대전충남 , 공주 , 당진대전선 ,90~95, 대전 ,90,4,36.393598,127.3203725,NA,NA,NA,NA,NA,NA,NA,NA,36.393598
52, 대전충남 , 당진 , 당진대전선 ,10~15, 대전 ,10,5,36.7825784,126.6897475,NA,NA,NA,NA,NA,NA,NA,NA,36.7825784
53, 대전충남 , 당진 , 서해안선 ,240~245, 목포 ,240,3,36.7323702,126.5639501,NA,NA,NA,NA,NA,NA,NA,NA,36.7323702
54, 대전충남 , 당진 , 서해안선 ,245~250, 목포 ,245,3,36.7762619,126.5662366,NA,NA,NA,NA,NA,NA,NA,NA,36.7762619
55, 대전충남 , 당진 , 서해안선 ,270~275, 목포 ,270,6,36.919073,126.7591522,NA,NA,NA,NA,NA,NA,NA,NA,36.919073
56, 대전충남 , 당진 , 서해안선 ,235~240, 서울 ,235,6,36.688381,126.5547572,NA,NA,NA,NA,NA,NA,NA,NA,36.688381
57, 대전충남 , 당진 , 서해안선 ,245~250, 서울 ,245,6,36.7762619,126.5662366,NA,NA,NA,NA,NA,NA,NA,NA,36.7762619
58, 대전충남 , 대전 , 경부선 ,275~280, 부산 ,275,3,36.379549,127.4275565,NA,NA,NA,NA,NA,NA,NA,NA,36.379549
59, 대전충남 , 대전 , 경부선 ,285~290, 부산 ,285,5,36.4657563,127.4183421,NA,NA,NA,NA,NA,NA,NA,NA,36.4657563
60, 대전충남 , 대전 , 경부선 ,270~275, 서울 ,270,3,36.3496295,127.4663024,NA,NA,NA,NA,NA,NA,NA,NA,36.3496295
61, 대전충남 , 대전 , 호남지선 ,35~40, 회덕 ,35,3,36.2991,127.31392,NA,NA,NA,NA,NA,NA,NA,NA,36.2991
62, 대전충남 , 영동 , 경부선 ,255~260, 부산 ,255,3,36.2948484,127.6029307,NA,NA,NA,NA,NA,NA,NA,NA,36.2948484
63, 대전충남 , 영동 , 경부선 ,260~265, 부산 ,260,3,36.3177499,127.5564176,NA,NA,NA,NA,NA,NA,NA,NA,36.3177499
64, 대전충남 , 영동 , 경부선 ,225~230, 서울 ,225,4,36.2197596,127.8809713,NA,NA,NA,NA,NA,NA,NA,NA,36.2197596
65, 대전충남 , 영동 , 대전남부순환선 ,0~5, 산내 ,0,3,36.2940785,127.3160565,NA,NA,NA,NA,NA,NA,NA,NA,36.2940785
66, 대전충남 , 영동 , 대전남부순환선 ,5~10, 서대전 ,5,4,36.2856573,127.3700006,NA,NA,NA,NA,NA,NA,NA,NA,36.2856573
67, 대전충남 , 천안 , 경부선 ,305~310, 부산 ,305,6,36.6253599,127.3836864,NA,NA,NA,NA,NA,NA,NA,NA,36.6253599
68, 대전충남 , 천안 , 경부선 ,310~315, 부산 ,310,4,36.668489,127.3727573,NA,NA,NA,NA,NA,NA,NA,NA,36.668489
69, 대전충남 , 천안 , 경부선 ,315~320, 부산 ,315,3,36.7044544,127.3472224,NA,NA,NA,NA,NA,NA,NA,NA,36.7044544
70, 대전충남 , 천안 , 경부선 ,320~325, 부산 ,320,4,36.7264483,127.3085103,NA,NA,NA,NA,NA,NA,NA,NA,36.7264483
71, 대전충남 , 천안 , 경부선 ,325~330, 부산 ,325,5,36.7345899,127.2563955,NA,NA,NA,NA,NA,NA,NA,NA,36.7345899
72, 대전충남 , 천안 , 경부선 ,335~340, 부산 ,335,3,36.7820643,127.1747598,NA,NA,NA,NA,NA,NA,NA,NA,36.7820643
73, 대전충남 , 천안 , 경부선 ,340~345, 부산 ,340,5,36.8254311,127.1681066,NA,NA,NA,NA,NA,NA,NA,NA,36.8254311
74, 대전충남 , 천안 , 경부선 ,325~330, 서울 ,325,3,36.7345899,127.2563955,NA,NA,NA,NA,NA,NA,NA,NA,36.7345899
75, 전북 , 논산 , 호남지선 ,25~30, 논산 ,25,4,36.2269574,127.274989,NA,NA,NA,NA,NA,NA,NA,NA,36.2269574
76, 전북 , 무주 , 중부선 ,145~150, 통영 ,145,3,35.8031469,127.6379344,NA,NA,NA,NA,NA,NA,NA,NA,35.8031469
77, 전북 , 보령 , 서해안선 ,155~160, 목포 ,155,4,36.0705525,126.7431945,NA,NA,NA,NA,NA,NA,NA,NA,36.0705525
78, 전북 , 보령 , 서해안선 ,170~175, 목포 ,170,4,36.1478478,126.6208259,NA,NA,NA,NA,NA,NA,NA,NA,36.1478478
79, 전북 , 보령 , 서해안선 ,180~185, 목포 ,180,4,36.2267079,126.569913,NA,NA,NA,NA,NA,NA,NA,NA,36.2267079
80, 전북 , 보령 , 서해안선 ,200~205, 목포 ,200,4,36.3871607,126.5552914,NA,NA,NA,NA,NA,NA,NA,NA,36.3871607
81, 전북 , 보령 , 서해안선 ,205~210, 목포 ,205,3,36.4268359,126.5767559,NA,NA,NA,NA,NA,NA,NA,NA,36.4268359
82, 전북 , 보령 , 서해안선 ,220~225, 목포 ,220,3,36.5586954,126.5794765,NA,NA,NA,NA,NA,NA,NA,NA,36.5586954
83, 전북 , 보령 , 서해안선 ,220~225, 서울 ,220,3,36.5586954,126.5794765,NA,NA,NA,NA,NA,NA,NA,NA,36.5586954
84, 전북 , 부여 , 서천공주선 ,20~25, 공주 ,20,5,36.2167446,126.7772633,NA,NA,NA,NA,NA,NA,NA,NA,36.2167446
85, 전북 , 부여 , 서천공주선 ,25~30, 공주 ,25,3,36.2578517,126.7980863,NA,NA,NA,NA,NA,NA,NA,NA,36.2578517
86, 전북 , 부여 , 서천공주선 ,40~45, 공주 ,40,3,36.3532524,126.9134826,NA,NA,NA,NA,NA,NA,NA,NA,36.3532524
87, 광주전남 , 남원 , 광주대구선 ,30~35, 광주 ,30,3,35.3629986,127.1369875,NA,NA,NA,NA,NA,NA,NA,NA,35.3629986
88, 광주전남 , 남원 , 광주대구선 ,45~50, 광주 ,45,3,35.3936382,127.289384,NA,NA,NA,NA,NA,NA,NA,NA,35.3936382
89, 광주전남 , 남원 , 광주대구선 ,90~95, 대구 ,90,3,35.543314,127.6965106,NA,NA,NA,NA,NA,NA,NA,NA,35.543314
90, 광주전남 , 순천 , 남해선 ,5~10, 순천 ,5,3,34.9903282,127.5283704,NA,NA,NA,NA,NA,NA,NA,NA,34.9903282
91, 광주전남 , 순천 , 호남선 ,35~40, 순천 ,35,3,35.1753033,127.244546,NA,NA,NA,NA,NA,NA,NA,NA,35.1753033
92, 광주전남 , 함평 , 무안광주선 ,5~10, 광주 ,5,4,35.0158235,126.4391644,NA,NA,NA,NA,NA,NA,NA,NA,35.0158235
93, 광주전남 , 함평 , 무안광주선 ,10~15, 광주 ,10,4,35.030325,126.4896234,NA,NA,NA,NA,NA,NA,NA,NA,35.030325
94, 광주전남 , 함평 , 무안광주선 ,30~35, 광주 ,30,4,35.0984857,126.6874541,NA,NA,NA,NA,NA,NA,NA,NA,35.0984857
95, 광주전남 , 함평 , 무안광주선 ,30~35, 무안 ,30,7,35.0984857,126.6874541,NA,NA,NA,NA,NA,NA,NA,NA,35.0984857
96, 광주전남 , 함평 , 무안광주선 ,35~40, 무안 ,35,3,35.1199527,126.7343378,NA,NA,NA,NA,NA,NA,NA,NA,35.1199527
97, 광주전남 , 함평 , 서해안선 ,5~10, 목포 ,5,3,34.8496291,126.4719396,NA,NA,NA,NA,NA,NA,NA,NA,34.8496291
98, 광주전남 , 함평 , 서해안선 ,30~35, 목포 ,30,4,35.0649544,126.4796394,NA,NA,NA,NA,NA,NA,NA,NA,35.0649544
99, 광주전남 , 함평 , 서해안선 ,35~40, 목포 ,35,3,35.1099659,126.481287,NA,NA,NA,NA,NA,NA,NA,NA,35.1099659
100, 광주전남 , 함평 , 서해안선 ,20~25, 서울 ,20,4,34.9761177,126.4957519,NA,NA,NA,NA,NA,NA,NA,NA,34.9761177
101, 광주전남 , 함평 , 서해안선 ,25~30, 서울 ,25,4,35.0207604,126.4892992,NA,NA,NA,NA,NA,NA,NA,NA,35.0207604
102, 광주전남 , 함평 , 서해안선 ,35~40, 서울 ,35,5,35.1099659,126.481287,NA,NA,NA,NA,NA,NA,NA,NA,35.1099659
103, 광주전남 , 함평 , 서해안선 ,55~60, 서울 ,55,3,35.2732961,126.5436837,NA,NA,NA,NA,NA,NA,NA,NA,35.2732961
104, 대구경북 , 영주 , 중앙선 ,180~185, 부산 ,180,5,36.4786835,128.6178162,NA,NA,NA,NA,NA,NA,NA,NA,36.4786835
105, 대구경북 , 영주 , 중앙선 ,225~230, 춘천 ,225,3,36.8098916,128.54378,NA,NA,NA,NA,NA,NA,NA,NA,36.8098916
106, 대구경북 , 청송 , 당진영덕선 ,115~120, 영덕 ,115,3,36.4335624,128.6084357,NA,NA,NA,NA,NA,NA,NA,NA,36.4335624
107, 부산경남 , 고성 , 중부선 ,15~20, 통영 ,15,3,34.9752193,128.3813689,NA,NA,NA,NA,NA,NA,NA,NA,34.9752193
108, 부산경남 , 창원 , 남해제1지선 ,15~20, 산인 ,15,4,35.2610778,128.6091613,NA,NA,NA,NA,NA,NA,NA,NA,35.2610778
132,NA,NA,NA,NA,NA,NA,NA,NA,126.830988888889,1,1001,중동터널,서울특별시 구로구 궁동,계남큰길,,왕복6차로,37.5064916666667,37.5064916666667
133,NA,NA,NA,NA,NA,NA,NA,NA,129.140919444444,2,1002,개좌생태터널,부산광역시 금정구 회동동 산4-1,개좌로,0,왕복2차선,35.2516805555556,35.2516805555556
134,NA,NA,NA,NA,NA,NA,NA,NA,129.172,3,1004,곰내 생태통로,부산광역시 기장군 철마면 웅천리,군도,19호선,왕복2차선,35.3057777777778,35.3057777777778
135,NA,NA,NA,NA,NA,NA,NA,NA,129.203305555556,4,1005,정관예림리 생태통로,부산광역시 기장군 정관면 예림리,국지도,60호,왕복4차선,35.3296666666667,35.3296666666667
136,NA,NA,NA,NA,NA,NA,NA,NA,128.9412414,5,1006,을숙도 생태통로,부산광역시 사하구 하단동,낙동남로,1240,왕복7차선,35.1088462,35.1088462
137,NA,NA,NA,NA,NA,NA,NA,NA,129.051641666667,6,1007,만덕생태터널,부산광역시 북구 만덕동 산89-2,만덕고갯길,1,왕복 1 차선,35.2113472222222,35.2113472222222
138,NA,NA,NA,NA,NA,NA,NA,NA,126.709594444444,7,1008,징매이고개 생태통로,인천광역시 서구 공촌동,경명로,광3-9호,왕복8차선,37.5466527777778,37.5466527777778
139,NA,NA,NA,NA,NA,NA,NA,NA,126.690277777778,8,1009,원적산길 생태통로,인천광역시 서구 가좌동,원적로,중로1류33호선,왕복6차로,37.5030361111111,37.5030361111111
140,NA,NA,NA,NA,NA,NA,NA,NA,126.727777777778,9,1010,,광주광역시 광산구 지정동,국지도,49호선,왕복4차선,35.1438888888889,35.1438888888889
141,NA,NA,NA,NA,NA,NA,NA,NA,127.459444444444,10,1011,,대전광역시 동구 용운동,동부순환도로,,왕복4차선,36.3408333333333,36.3408333333333
142,NA,NA,NA,NA,NA,NA,NA,NA,127.460555555556,11,1012,,대전광역시 동구 가양동,동부순환도로,,왕복4차선,36.3480555555556,36.3480555555556
143,NA,NA,NA,NA,NA,NA,NA,NA,127.387319444444,12,1013,,대전광역시 중구 침산동,대전남부순환고속도로,남부순환도로,왕복4차선,36.2833888888889,36.2833888888889
144,NA,NA,NA,NA,NA,NA,NA,NA,129.295,13,1014,국도14호선,울산광역시 남구 두왕동,국도,14호선,왕복4차선,35.5036111111111,35.5036111111111
145,NA,NA,NA,NA,NA,NA,NA,NA,129.111666666667,14,1015,하늘공원 진입로,울산광역시 울주군 삼동면 조일리,보삼길,소로 1-3 호선,왕복2차선,35.4952777777778,35.4952777777778
146,NA,NA,NA,NA,NA,NA,NA,NA,129.246333333333,15,1016,두꺼비 생태통로,울산광역시 울주군 웅천면 통천리,군도,18호선,왕복2차선,35.4751666666667,35.4751666666667
147,NA,NA,NA,NA,NA,NA,NA,NA,127.196194444444,16,1017,목동 직동간 터널,경기도 광주시 직동,시도,9호선,왕복2차선,37.39625,37.39625
148,NA,NA,NA,NA,NA,NA,NA,NA,127.169888888889,17,1018,오포터널,경기도 광주시 오포읍 능평리,-,57호선,왕복4차선,37.3516944444444,37.3516944444444
149,NA,NA,NA,NA,NA,NA,NA,NA,127.235166666667,18,1019,-,경기도 광주시 중대동 ,마을진입로,-,왕복2차선,37.396,37.396
150,NA,NA,NA,NA,NA,NA,NA,NA,127.302797222222,19,1021,외방리 생태통로,경기도 남양주시 수동면 외방리,농어촌,201호선,왕복2차선,37.7347138888889,37.7347138888889
151,NA,NA,NA,NA,NA,NA,NA,NA,127.234272222222,20,1022,도곡리 생태통로,경기도 남양주시 와부읍 도곡리,군도,13호선,왕복2차선,37.5902416666667,37.5902416666667
152,NA,NA,NA,NA,NA,NA,NA,NA,127.1875,21,1023,갈마치생태통로,경기도 성남시 중원구 갈현동,,389,왕복2차선,37.4197222222222,37.4197222222222
153,NA,NA,NA,NA,NA,NA,NA,NA,127.143333333333,22,1024,돌마로생태통로,경기도 성남시 중원구 도촌동,돌마로,,왕복4차선,37.4158333333333,37.4158333333333
154,NA,NA,NA,NA,NA,NA,NA,NA,126.811666666667,23,1026,범배산 생태 연결통로,경기도 시흥시 광석동 산24-9,시도,1호선,왕복 6 차선,37.3838888888889,37.3838888888889
155,NA,NA,NA,NA,NA,NA,NA,NA,126.7725,24,1027,마유로 생태 연결통로,경기도 시흥시 장곡동 산84-3,시도,9호선,왕복6차선,37.3777777777778,37.3777777777778
156,NA,NA,NA,NA,NA,NA,NA,NA,126.940361111111,25,1028,,경기도 경기도 양주시 광적면 우고리,시도,39호선,왕복2차선,37.8291666666667,37.8291666666667
157,NA,NA,NA,NA,NA,NA,NA,NA,127.021388888889,26,1029,,경기도 양주시 어둔동,시도,3호선,왕복2차선,37.782,37.782
158,NA,NA,NA,NA,NA,NA,NA,NA,127.631361111111,27,1031,,경기도 여주시 현암리,군도,10호선,왕복4차선,37.3142666666667,37.3142666666667
159,NA,NA,NA,NA,NA,NA,NA,NA,127.163122222222,28,1032,,경기도 용인시 처인구 삼가동,학고개터널,321호선,왕복4차선,37.2252222222222,37.2252222222222
160,NA,NA,NA,NA,NA,NA,NA,NA,127.238022222222,29,1033,,경기도 용인시 처인구 양지면 주북리,도시계획도로소,1-13호선,왕복2차선,37.2602833333333,37.2602833333333
161,NA,NA,NA,NA,NA,NA,NA,NA,127.354605555556,30,1034,,경기도 용인시 처인구 원삼면 두창리 산2-6,원설로,318호선,왕복2차선,37.1498444444444,37.1498444444444
162,NA,NA,NA,NA,NA,NA,NA,NA,127.296294444444,31,1035,곱든고개 생태통로,경기도 용인시 처인구 원삼면 사암리,소로1-11,57호선,왕복2차선,37.1870861111111,37.1870861111111
163,NA,NA,NA,NA,NA,NA,NA,NA,126.990888888889,32,1036,모락산 터널,경기도 의왕시 내손동 산142번지,시도,125호선,왕복2차선,37.37525,37.37525
164,NA,NA,NA,NA,NA,NA,NA,NA,126.795277777778,33,1040,봉서터널,경기도 파주시 파주읍 봉서리,시도,6호선(도시계획 대1-2),왕복4차선,37.8502777777778,37.8502777777778
165,NA,NA,NA,NA,NA,NA,NA,NA,126.853888888889,34,1041,신산터널,경기도 파주시 광탄면 신산리,시도,13호선(도시계획 중2-1),왕복2차선,37.7788888888889,37.7788888888889
166,NA,NA,NA,NA,NA,NA,NA,NA,126.780833333333,35,1042,학령1터널,경기도 파주시 아동동,시청로,(도시계획 중1-1),왕복4차선,37.7608333333333,37.7608333333333
167,NA,NA,NA,NA,NA,NA,NA,NA,126.790277777778,36,1043,학령2터널,경기도 파주시 아동동,학령로,(도시계획 소2-101),왕복4차선,37.7569444444444,37.7569444444444
168,NA,NA,NA,NA,NA,NA,NA,NA,126.868055555556,37,1044,덕고개터널,경기도 파주시 적성면 답곡리,시도,18호선(농어촌 301),왕복2차선,37.9477777777778,37.9477777777778
169,NA,NA,NA,NA,NA,NA,NA,NA,127.091716666667,38,1045,,경기도 평택시 장안동,지방도,317호선,왕복4차선,37.0678083333333,37.0678083333333
170,NA,NA,NA,NA,NA,NA,NA,NA,127.091827777778,39,1046,,경기도 평택시 지산동 ,지방도,317호선,왕복4차선,37.0786833333333,37.0786833333333
171,NA,NA,NA,NA,NA,NA,NA,NA,127.338055555556,40,1047,노채고개,경기도 포천시 일동면 기산리,하면~일동,387,왕복2차선,37.9283333333333,37.9283333333333
172,NA,NA,NA,NA,NA,NA,NA,NA,127.17735,41,1048,없음,경기도 하남시 광암동,지방도,180호선,왕복4차선,37.52185,37.52185
173,NA,NA,NA,NA,NA,NA,NA,NA,126.718697222222,42,1049,없음,경기도 화성시 송산면 육일리,지방도,318호선,왕복2차선,37.1944305555555,37.1944305555555
174,NA,NA,NA,NA,NA,NA,NA,NA,126.718730555556,43,1050,없음,경기도 화성시 송산면 육일리,지방도,318호선,왕복2차선,37.1947555555556,37.1947555555556
175,NA,NA,NA,NA,NA,NA,NA,NA,126.787388888889,44,1051,일산생태통로,경기도 고양시 일산동구 중산동,하능마을로,중로2-1호선,왕복2차선,37.6841388888889,37.6841388888889
176,NA,NA,NA,NA,NA,NA,NA,NA,126.856872222222,45,1052,밤일생태육교,경기도 광명시 노온사동,금하로,1,왕복6차선,37.4533638888889,37.4533638888889
177,NA,NA,NA,NA,NA,NA,NA,NA,126.856827777778,46,1053,밤일생태육교,경기도 광명시 노온사동 ,밤일로,1,왕복2차선,37.4533611111111,37.4533611111111
178,NA,NA,NA,NA,NA,NA,NA,NA,126.966388888889,47,1054,절터육교,경기도 의왕시 월암동,서수원∼의왕간고속화도로,지방도 309호선,왕복6∼8차선,37.3172333333333,37.3172333333333
179,NA,NA,NA,NA,NA,NA,NA,NA,126.973172222222,48,1055,,경기도 의왕시 고천동 ,서수원∼의왕간고속화도로,지방도309호선,왕복6∼8차선,37.3366111111111,37.3366111111111
180,NA,NA,NA,NA,NA,NA,NA,NA,127.044277777778,49,1056,풍뎅이다리,경기도 수원시 영통구 이의동,지방도,1,왕복4차선,37.3055555555556,37.3055555555556
181,NA,NA,NA,NA,NA,NA,NA,NA,127.035666666667,50,1057,반딧불이다리,경기도 수원시 영통구 이의동,지방도,1,왕복6차선,37.2945555555556,37.2945555555556
182,NA,NA,NA,NA,NA,NA,NA,NA,127.042388888889,51,1058,나비잠자리다리,경기도 수원시 영통구 이의동,지방도,1,왕복8차선,37.2889722222222,37.2889722222222
183,NA,NA,NA,NA,NA,NA,NA,NA,127.051083333333,52,1059,소나무다리,경기도 수원시 영통구 이의동,지방도,1,왕복4차선,37.2826944444444,37.2826944444444
184,NA,NA,NA,NA,NA,NA,NA,NA,127.052805555556,53,1060,갈참나무다리,경기도 수원시 영통구 이의동,지방도,1,왕복8차선,37.2825555555556,37.2825555555556
185,NA,NA,NA,NA,NA,NA,NA,NA,127.063444444444,54,1061,하늘소다리,경기도 수원시 영통구 하동,지방도,1,왕복6차선,37.2908055555556,37.2908055555556
186,NA,NA,NA,NA,NA,NA,NA,NA,127.066444444444,55,1062,무지개다리,경기도 수원시 영통구 하동,지방도,1,왕복4차선,37.2880555555556,37.2880555555556
187,NA,NA,NA,NA,NA,NA,NA,NA,127.05875,56,1063,여담교,경기도 수원시 영통구 이의동,-,-,왕복16차선,37.2966111111111,37.2966111111111
188,NA,NA,NA,NA,NA,NA,NA,NA,127.069027777778,57,1064,꽃더미다리,경기도 수원시 영통구 하동,,,하천횡단,37.28275,37.28275
189,NA,NA,NA,NA,NA,NA,NA,NA,127.071527777778,58,1065,새터다리,경기도 수원시 영통구 하동,,,왕복8차선,37.2820833333333,37.2820833333333
190,NA,NA,NA,NA,NA,NA,NA,NA,127.634305555556,59,1066,개야생태이동통로,강원도 홍천군 서면 개야리,국지도,86,왕복2차선,37.6907777777778,37.6907777777778
191,NA,NA,NA,NA,NA,NA,NA,NA,128.772694444444,60,1067,,강원도 강릉시 왕산면 왕산리,지방도,415호선,왕복2차선,37.6201944444444,37.6201944444444
192,NA,NA,NA,NA,NA,NA,NA,NA,129.009355555556,61,1068,댓재 생태통로,강원도 삼척시 하장면 번천리,국지도,28호선,왕복2차선,37.3834111111111,37.3834111111111
193,NA,NA,NA,NA,NA,NA,NA,NA,127.634305555556,62,1069,,강원도 홍천군 북방면 굴지리,군도,14호선,왕복2차선,37.6907777777778,37.6907777777778
194,NA,NA,NA,NA,NA,NA,NA,NA,128.504444444444,63,1070,원암～천진 개착식터널,강원도 고성군 토성면 원암리,군도,12호선,왕복4차선,38.2163888888889,38.2163888888889
195,NA,NA,NA,NA,NA,NA,NA,NA,127.644202777778,64,1071,달거리생태이동통로,강원도 화천군 하남면 서오지리,국도,5호선,왕복2차선,38.0611027777778,38.0611027777778
196,NA,NA,NA,NA,NA,NA,NA,NA,127.512777777778,65,1072,,충청북도 청주시 청원구 율량동,1순환로,산 128-1도,하부 왕복 6차선,36.6529305555556,36.6529305555556
197,NA,NA,NA,NA,NA,NA,NA,NA,127.659944444444,66,1073,,충청북도 괴산군 사리면 사담리,사담선,,왕복2차선,36.8266111111111,36.8266111111111
198,NA,NA,NA,NA,NA,NA,NA,NA,127.714722222222,67,1074,이곡리,충청북도 괴산군 사리면 이곡리,지방도,515호선,왕복2차선,36.7794444444444,36.7794444444444
199,NA,NA,NA,NA,NA,NA,NA,NA,127.842376136246,68,1075,,충청북도 보은군 마로면 갈전리,군도,15호선(갈전-법화),왕복2차선,36.3717028654705,36.3717028654705
200,NA,NA,NA,NA,NA,NA,NA,NA,127.758751757936,69,1076,,충청북도 보은군 탄부면 평각리,농어촌도로,리도 203호선(평각-어암),1차로,36.460110018418,36.460110018418
201,NA,NA,NA,NA,NA,NA,NA,NA,127.378611111111,70,1077,,충청북도 청원군 강내면 궁현리,군현∼연정,면도 103호선,왕복2차선,36.5747222222222,36.5747222222222
202,NA,NA,NA,NA,NA,NA,NA,NA,127.381388888889,71,1078,,충청북도 청원군 강내면 연정리,군현∼연정,면도 103호선,왕복2차선,36.5727777777778,36.5727777777778
203,NA,NA,NA,NA,NA,NA,NA,NA,127.485555555556,72,1079,,충청북도 청원군 남일면 신송리,면도,101호선,왕복2차선,36.5733333333333,36.5733333333333
204,NA,NA,NA,NA,NA,NA,NA,NA,127.549444444444,73,1080,,충청북도 청원군 남일면 황청리,면도,106호선,왕복2차선,36.6016666666667,36.6016666666667
205,NA,NA,NA,NA,NA,NA,NA,NA,127.667792203691,74,1081,,충청북도 청원군 미원면 운용리,면도,101호선,왕복2차선,36.672986042056,36.672986042056
206,NA,NA,NA,NA,NA,NA,NA,NA,127.449941666667,75,1082,성화2 생태교량,충청북도 청주시 서원구 성화동 1076,서원구,성봉로,왕복4차선,36.6116083333333,36.6116083333333
207,NA,NA,NA,NA,NA,NA,NA,NA,127.456669444444,76,1083,,충청북도 청주시 서원구 성화동 658,구룡산로,52번길,왕복4차선,36.6147722222222,36.6147722222222
208,NA,NA,NA,NA,NA,NA,NA,NA,127.481088888889,77,1084,,충청북도 청주시 서원구 수곡동 214-30,안뜸로,47,왕복2차선,36.6142555555556,36.6142555555556
209,NA,NA,NA,NA,NA,NA,NA,NA,127.710611111111,78,1085,,충청북도 괴산군 괴산읍 동부리,소로2-5,,왕복2차선,36.8145555555556,36.8145555555556
210,NA,NA,NA,NA,NA,NA,NA,NA,128.355075,79,1086,방곡리,충청북도 단양군 대강면 방곡리,지방도,534호선,왕복2차선,36.8089972222222,36.8089972222222
211,NA,NA,NA,NA,NA,NA,NA,NA,127.417777777778,80,1087,,충청북도 청주시 청원구 오창읍 구룡리,오창공원로,구룡리 442도,왕복4차선,36.7172222222222,36.7172222222222
212,NA,NA,NA,NA,NA,NA,NA,NA,127.425277777778,81,1088,,충청북도 청주시 청원구 오창읍 양청리,오창공원로,양청리 882도(호수공원 주변),왕복4차선,36.7122222222222,36.7122222222222
213,NA,NA,NA,NA,NA,NA,NA,NA,127.420555555556,82,1089,,충청북도 청주시 청원구 오창읍 각리,과학산업2로,구룡리 472도,왕복6차선,36.7127777777778,36.7127777777778
214,NA,NA,NA,NA,NA,NA,NA,NA,127.422,83,1090,각리,충청북도 청원군 오창읍 각리,지방도,540호,왕복6차선,36.7133611111111,36.7133611111111
215,NA,NA,NA,NA,NA,NA,NA,NA,127.473333333333,84,1091,,충청북도 청주시 청원구 오창읍 여천리,리도,213호선,왕복2차선,36.7675,36.7675
216,NA,NA,NA,NA,NA,NA,NA,NA,127.184577777778,85,1092,소로1-194호,충청남도 천안시 유량동,태조산,용연저수지도로,왕복2차선,36.8153638888889,36.8153638888889
217,NA,NA,NA,NA,NA,NA,NA,NA,127.11495,86,1093,대로3-1호,충청남도 천안시 서북구 불당동,,,왕복4차선,36.8105638888889,36.8105638888889
218,NA,NA,NA,NA,NA,NA,NA,NA,127.1135,87,1094,중로1-44호,충청남도 천안시 불당동,,,왕복4차선,36.8067333333333,36.8067333333333
219,NA,NA,NA,NA,NA,NA,NA,NA,127.135813888889,88,1095,중로 1-21호,충청남도 천안시 용곡동,,,왕복4차선,36.7919888888889,36.7919888888889
220,NA,NA,NA,NA,NA,NA,NA,NA,127.1673,89,1096,지방산업단지 진입도로,충청남도 천안시 부대동,지방산업단지진입도로,,왕복6차선,36.8468777777778,36.8468777777778
221,NA,NA,NA,NA,NA,NA,NA,NA,127.083602777778,90,1097,,충청남도 천안시 풍세면 남관리,지방도,(629호),왕복4차선,36.7584055555556,36.7584055555556
222,NA,NA,NA,NA,NA,NA,NA,NA,127.142411111111,91,1098,,충청남도 천안시 청당동,대(보),3-26호,왕복6차선,36.7759972222222,36.7759972222222
223,NA,NA,NA,NA,NA,NA,NA,NA,127.15375,92,1099,,충청남도 천안시 청당동,중(집),1-79호,왕복6차선,36.7801,36.7801
224,NA,NA,NA,NA,NA,NA,NA,NA,127.15375,93,1100,,충청남도 천안시 청당동,대(보),3-25호,왕복6차선,36.7801,36.7801
225,NA,NA,NA,NA,NA,NA,NA,NA,127.15375,94,1101,,충청남도 천안시 청당동,대(보),3-5호,왕복4차선,36.7801,36.7801
226,NA,NA,NA,NA,NA,NA,NA,NA,127.094244444444,95,1102,용곡생태통로,충청남도 아산시 배방읍 장재리,대로,2-1,왕복6차선,36.7918055555556,36.7918055555556
227,NA,NA,NA,NA,NA,NA,NA,NA,127.102202777778,96,1103,연화생태통로,충청남도 아산시 배방읍 장재리,대로,3-5,왕복5차선,36.7885833333333,36.7885833333333
228,NA,NA,NA,NA,NA,NA,NA,NA,126.443916666667,97,1104,,충청남도 서산시 지곡면 무장리,지방도,70호선,왕복4차선,36.86575,36.86575
229,NA,NA,NA,NA,NA,NA,NA,NA,126.446194444444,98,1105,,충청남도 서산시 지곡면 무장리,지방도,70호선,왕복4차선,36.8639722222222,36.8639722222222
230,NA,NA,NA,NA,NA,NA,NA,NA,126.514334135585,99,1106,초락도리 생태통로,충청남도 당진시 석문면 초락도리,지방도,647호선,왕복2차선,36.9858154457306,36.9858154457306
231,NA,NA,NA,NA,NA,NA,NA,NA,127.463825,100,1107,,충청남도 금산군 금성면 두곡리,금성,103호,왕복2차선,36.1487416666667,36.1487416666667
232,NA,NA,NA,NA,NA,NA,NA,NA,126.906786111111,101,1108,신성리 1번,충청남도 부여군 규암면 금암-신성,군도,10호선,왕복2차선,36.2823666666667,36.2823666666667
233,NA,NA,NA,NA,NA,NA,NA,NA,126.904647222222,102,1109,온천통문,충청남도 청양군 장평면 적곡리,군도,11호선,왕복2차선,36.3963888888889,36.3963888888889
234,NA,NA,NA,NA,NA,NA,NA,NA,126.331666666667,103,1110,,충청남도 태안군 안면읍 승언리,군도,14호,왕복2차선,36.5156944444444,36.5156944444444
235,NA,NA,NA,NA,NA,NA,NA,NA,126.205559409723,104,1111,,충청남도 태안군 원북면 신두리,군도,14호선,왕복2차선,36.8412388322463,36.8412388322463
236,NA,NA,NA,NA,NA,NA,NA,NA,126.911788888889,105,1112,숭림사 생태통로,전라북도 익산시 함라면 금성리,지방도,723호선,왕복2차선,36.0672305555556,36.0672305555556
237,NA,NA,NA,NA,NA,NA,NA,NA,127.492411111111,106,1113,서구이재 생태통로,전라북도 장수군 장수읍 송천리,지방도,742호선,왕복2차선,35.6261111111111,35.6261111111111
238,NA,NA,NA,NA,NA,NA,NA,NA,127.597480555556,107,1114,노루재 생태통로,전라북도 무주군 부남면 장안리,지방도,635호선,왕복2차선,35.8810083333333,35.8810083333333
239,NA,NA,NA,NA,NA,NA,NA,NA,127.240716666667,108,1115,슬치재 생태통로,전라북도 임실군 관촌면 슬치리,지방도,745호선,왕복2차선,35.68975,35.68975
240,NA,NA,NA,NA,NA,NA,NA,NA,127.633511111111,109,1116,소비재 생태통로,전라북도 장수군 계북면 농소리,지방도,743호선,왕복2차선,35.7617527777778,35.7617527777778
241,NA,NA,NA,NA,NA,NA,NA,NA,127.563044444444,110,1117,복성이재 생태통로,전라북도 장수군 번암면 노단리,지방도,751호선,왕복2차선,35.5281083333333,35.5281083333333
242,NA,NA,NA,NA,NA,NA,NA,NA,127.11915,111,1118,못토재 생태통로,전라북도 순창군 풍산면 죽곡리,지방도,729호선,왕복2차선,35.35865,35.35865
243,NA,NA,NA,NA,NA,NA,NA,NA,127.616658281749,112,1119,무릉고개 생태통로,전라북도 장수군 번암면 지지리,지방도,743호선,왕복2차선,35.6424314784275,35.6424314784275
244,NA,NA,NA,NA,NA,NA,NA,NA,126.836694444444,113,1120,우덕 생태통로,전라북도 정읍시 덕천면 우덕리,지방도,705호선,왕복4차선,35.62965,35.62965
245,NA,NA,NA,NA,NA,NA,NA,NA,126.709094444444,114,1121,월곡 생태통로,전라북도 고창군 고창읍 월곡리,국지도,15호선,왕복4차선,35.4429333333333,35.4429333333333
246,NA,NA,NA,NA,NA,NA,NA,NA,126.688463888889,115,1122,월명터널,전라북도 군산시 소룡동,공단,대로,왕복6차선,35.9672972222222,35.9672972222222
247,NA,NA,NA,NA,NA,NA,NA,NA,127.118786111111,116,1123,,전라북도 순창군 순창읍 백산리,지방도,729호선,왕복4차선,35.3585861111111,35.3585861111111
248,NA,NA,NA,NA,NA,NA,NA,NA,127.113938888889,117,1124,,전라북도 순창군 팔덕면 구룡리,농어촌도,202호선,왕복4차선,35.3916694444444,35.3916694444444
249,NA,NA,NA,NA,NA,NA,NA,NA,127.1086,118,1125,,전라북도 순창군 팔덕면 구룡리,농어촌도,202호선,왕복4차선,35.3838083333333,35.3838083333333
250,NA,NA,NA,NA,NA,NA,NA,NA,127.101644444444,119,1126,,전라북도 순창군 팔덕면 월곡리,군도,11호선,왕복4차선,35.4209138888889,35.4209138888889
251,NA,NA,NA,NA,NA,NA,NA,NA,127.098041666667,120,1127,,전라북도 순창군 팔덕면 월곡리,군도,11호선,왕복4차선,35.4210472222222,35.4210472222222
252,NA,NA,NA,NA,NA,NA,NA,NA,126.709094444444,121,1128,,전라북도 고창군 고창읍 월곡리,지방도,15호선,왕복4차선,35.4429333333333,35.4429333333333
253,NA,NA,NA,NA,NA,NA,NA,NA,126.613394444444,122,1129,부귀1생태통로,전라북도 고창군 아산면 주진리,지방도,15호선,왕복4차선,35.4429583333333,35.4429583333333
254,NA,NA,NA,NA,NA,NA,NA,NA,126.611533333333,123,1130,부귀2생태통로,전라북도 고창군 아산면 학전리,지방도,15호선,왕복4차선,35.4428166666667,35.4428166666667
255,NA,NA,NA,NA,NA,NA,NA,NA,126.442222222222,124,1131,부흥산 생태통로,전라남도 목포시 옥암동,후광대로,,왕복8차선,34.8105555555556,34.8105555555556
256,NA,NA,NA,NA,NA,NA,NA,NA,127.675144444444,125,1132,웅천 생태터널,전라남도 여수시 웅천동,신월로,,왕복6차선,34.7543055555556,34.7543055555556
257,NA,NA,NA,NA,NA,NA,NA,NA,127.585555555556,126,1133,,전라남도 광양시 광양읍 우산리,남해고속도로,,왕복4차선,34.9863888888889,34.9863888888889
258,NA,NA,NA,NA,NA,NA,NA,NA,127.426199914083,127,1134,,전라남도 구례군 신학리,산동고달간,103호선,왕복2차선,35.3181422524198,35.3181422524198
259,NA,NA,NA,NA,NA,NA,NA,NA,127.395113888889,128,1135,,전라남도 구례군 산동면 둔사리,산동-고달간,103호선,왕복2차선,35.3051444444444,35.3051444444444
260,NA,NA,NA,NA,NA,NA,NA,NA,127.225844444444,129,1137,,전라남도 보성군 율어면 선암리,군도,6호선,왕복2차선,34.8464055555556,34.8464055555556
261,NA,NA,NA,NA,NA,NA,NA,NA,126.587466666667,130,1138,무안광주선 16.94k,전라남도 함평군 학교면 마산리,무안광주고속도로,12호선,왕복4차선,35.0667833333333,35.0667833333333
262,NA,NA,NA,NA,NA,NA,NA,NA,126.510138888889,131,1139,,전라남도 영광군 영광읍 학정리,중로,1-1,왕복4차선,35.2650833333333,35.2650833333333
263,NA,NA,NA,NA,NA,NA,NA,NA,126.693408333333,132,1142,,전라남도 장성군 삼계면 수옥리,지방도,893호선,왕복2차선,35.282725,35.282725
264,NA,NA,NA,NA,NA,NA,NA,NA,128.036936111111,133,1143,,경상북도 문경시 가은읍 작천리,지방도,11호선,왕복2차선,36.6508333333333,36.6508333333333
265,NA,NA,NA,NA,NA,NA,NA,NA,127.954837557211,134,1144,,경상북도 김천시 구성면 마산리,지방도,901호선,왕복2차선,36.0673631486921,36.0673631486921
266,NA,NA,NA,NA,NA,NA,NA,NA,127.881666666667,135,1145,밤티재,경상북도 상주시 화북면 중벌리,지방도,997호선,왕복2차선,36.5858333333333,36.5858333333333
267,NA,NA,NA,NA,NA,NA,NA,NA,128.797348128951,136,1146,도래기재 생태통로,경상북도 봉화군 춘양면 우구치리,국지도,88호선,왕복2차선,37.0389766424006,37.0389766424006
268,NA,NA,NA,NA,NA,NA,NA,NA,129.205555555556,137,1147,,경상북도 경주시 현곡면 나원리,국지도,68호선,왕복2차선,35.8852777777778,35.8852777777778
269,NA,NA,NA,NA,NA,NA,NA,NA,128.364758262895,138,1148,여우목재 생태통로,경상북도 예천군 상리면 명봉리,지방도,901호선,왕복2차선,36.7739978344978,36.7739978344978
270,NA,NA,NA,NA,NA,NA,NA,NA,128.678079357146,139,1149,,경상북도 군위군 산성면 운산리,지방도,10호선(산성∼부계),왕복2차선,36.1112217231622,36.1112217231622
271,NA,NA,NA,NA,NA,NA,NA,NA,128.696347222222,140,1154,,경상남도 창원시 진해구 원포동,행암로,362번길,왕복2차선,35.1006694444444,35.1006694444444
272,NA,NA,NA,NA,NA,NA,NA,NA,128.655333333333,141,1155,대원로 66번길,경상남도 창원시 의창구 두대동,,300호선,왕복4차선,35.2367138888889,35.2367138888889
273,NA,NA,NA,NA,NA,NA,NA,NA,128.622752777778,142,1156,두산볼보로,경상남도 창원시 성산구 귀현동,,299호선,왕복6차선,35.1903083333333,35.1903083333333
274,NA,NA,NA,NA,NA,NA,NA,NA,128.699722222222,143,1157,안민생태교,경상남도 창원시 성산구 천선동,,299호선,왕복2차선,35.1686111111111,35.1686111111111
275,NA,NA,NA,NA,NA,NA,NA,NA,128.556808333333,144,1158,생태교량,경상남도 창원시 마산합포구 현동,현동로,,왕복6차선,35.1487166666667,35.1487166666667
276,NA,NA,NA,NA,NA,NA,NA,NA,128.939419444444,145,1159,,경상남도 밀양시 단장면 구천리,지방도,1077,왕복2차선,35.55715,35.55715
277,NA,NA,NA,NA,NA,NA,NA,NA,128.942958333333,146,1160,,경상남도 밀양시 산내면 남명리,지방도,1077,왕복2차선,35.5620527777778,35.5620527777778
278,NA,NA,NA,NA,NA,NA,NA,NA,128.202858333333,147,1161,낙서 전화 생태통로,경상남도 의령군 낙서면 전화리,농어촌도로,101,왕복2차선,35.3874583333333,35.3874583333333
279,NA,NA,NA,NA,NA,NA,NA,NA,128.377463888889,148,1162,쇄목재 생태통로,경상남도 의령군 대의면 신전리,지방도,1013,왕복2차선,35.4935388888889,35.4935388888889
280,NA,NA,NA,NA,NA,NA,NA,NA,128.369022222222,149,1163,,경상남도 고성군 마암면 보전리,1002호선,,왕복2차선,35.031425,35.031425
281,NA,NA,NA,NA,NA,NA,NA,NA,128.359047222222,150,1164,,경상남도 고성군 구만면 주평리,군도6호,(용안-봉동),왕복2차선,35.1014138888889,35.1014138888889
282,NA,NA,NA,NA,NA,NA,NA,NA,127.906666666667,151,1165,문의 생태통로,경상남도 남해군 설천면 문의리,농어촌101호선,,왕복2차선,34.9391666666667,34.9391666666667
283,NA,NA,NA,NA,NA,NA,NA,NA,127.889444444444,152,1166,임포 생태통로,경상남도 남해군 남면 임포리,군도,10호선,왕복2차선,34.7452777777778,34.7452777777778
284,NA,NA,NA,NA,NA,NA,NA,NA,127.812400213658,153,1167,임포 생태통로,경상남도 거창군 위천면 강천리산,농어촌도로,201호선,왕복1차선,35.7631010652016,35.7631010652016
285,NA,NA,NA,NA,NA,NA,NA,NA,126.599069444444,154,1168,,제주특별자치도 서귀포시 남원읍 신례리,516도로,(1131호선),왕복4차선,33.3249861111111,33.3249861111111
286,NA,NA,NA,NA,NA,NA,NA,NA,126.409636111111,155,1169,,제주특별자치도 제주시 애월읍 하귀리,국도대체우회도로,,왕복4차선,33.4735333333333,33.4735333333333
287,NA,NA,NA,NA,NA,NA,NA,NA,126.359541666667,156,1170,,제주특별자치도 제주시 애월읍 봉성리,국도대체우회도로,,왕복4차선,33.3527333333333,33.3527333333333
288,NA,NA,NA,NA,NA,NA,NA,NA,126.368141666667,157,1171,,제주특별자치도 제주시 애월읍 봉성리,평화로,(1135호선),왕복4차선,33.3677722222222,33.3677722222222
289,NA,NA,NA,NA,NA,NA,NA,NA,126.413333333333,158,1172,,제주특별자치도 제주시 애월읍 소길리,평화로,(1135호선),왕복4차선,33.4289166666667,33.4289166666667
290,NA,NA,NA,NA,NA,NA,NA,NA,126.4253,159,1173,,제주특별자치도 제주시 애월읍 광령리,국도대체우회도로,,왕복4차선,33.4725388888889,33.4725388888889
291,NA,NA,NA,NA,NA,NA,NA,NA,126.303341666667,160,1174,,제주특별자치도 서귀포시 안덕면 서광리,평화로,(1135호선),왕복4차선,33.2736472222222,33.2736472222222
292,NA,NA,NA,NA,NA,NA,NA,NA,126.288669444444,161,1175,,제주특별자치도 서귀포시 대정읍 안성리,평화로,(1135호선),왕복4차선,33.2587833333333,33.2587833333333
293,NA,NA,NA,NA,NA,NA,NA,NA,126.467447222222,162,1176,,제주특별자치도 제주시 애월읍 광령리,1100도로,(1139호선),왕복2차선,33.3653888888889,33.3653888888889
294,NA,NA,NA,NA,NA,NA,NA,NA,126.467447222222,163,1177,,제주특별자치도 제주시 애월읍 광령리,1100도로,(1139호선),왕복2차선,33.3653888888889,33.3653888888889
295,NA,NA,NA,NA,NA,NA,NA,NA,126.461502777778,164,1178,,제주특별자치도 서귀포시 중문동,1100도로,(1139호선),왕복2차선,33.3512777777778,33.3512777777778
296,NA,NA,NA,NA,NA,NA,NA,NA,126.471691666667,165,1179,,제주특별자치도 제주시 애월읍 광령리,1100도로,(1139호선),왕복2차선,33.3721027777778,33.3721027777778
297,NA,NA,NA,NA,NA,NA,NA,NA,126.598666666667,166,1180,한라생태숲 생태통로,제주특별자치도 제주시 516로 2596,516로,(1131호),왕복2차선,33.4291666666667,33.4291666666667
298,NA,NA,NA,NA,NA,NA,NA,NA,128.514274450408,167,1181,구룡령 생태통로,강원도 양양군 서면 갈천리,국도,(56호선),왕복4차선,37.8801921336503,37.8801921336503
299,NA,NA,NA,NA,NA,NA,NA,NA,127.496938888889,168,1182,시암재,전라남도 구례군 광의면 방광리,지방도,861호선,왕복2차선,35.3012888888889,35.3012888888889
300,NA,NA,NA,NA,NA,NA,NA,NA,128.086638888889,169,1183,지릅재,충청북도 제천시 수안보면 미륵리,지방도,597번,왕복2차선,36.824,36.824
301,NA,NA,NA,NA,NA,NA,NA,NA,127.533888888889,170,1184,정령치1,전라북도 남원시 산내면 덕동리,지방도,737호선,왕복2차선,35.3505555555556,35.3505555555556
302,NA,NA,NA,NA,NA,NA,NA,NA,127.512361111111,171,1185,정령치2,전라북도 남원시 주천면 고기리,지방도,737호선,왕복2차선,35.3668888888889,35.3668888888889
303,NA,NA,NA,NA,NA,NA,NA,NA,127.951527777778,172,1186,버리미기재,경상북도 문경시 가은읍 완장리,지방도,922호선,왕복2차선,36.6893611111111,36.6893611111111
304,NA,NA,NA,NA,NA,NA,NA,NA,126.993420931522,173,1189,화순 이양 이양 생태통로,전라남도 화순군 이양면 이양리 156-4,국도,29호선,왕복4차선,34.8859554932814,34.8859554932814
305,NA,NA,NA,NA,NA,NA,NA,NA,126.660537003963,174,1190,완도 군외 신학 생태통로,전라남도 완도군 군외면 신학리 산51-12,국도,13호선,왕복4차선,34.3819679721562,34.3819679721562
306,NA,NA,NA,NA,NA,NA,NA,NA,126.598107043922,175,1191,해남 현산 월송 생태통로,전라남도 해남군 현산면 월송리 산2-6,국도,13호선,왕복4차선,34.4171143821555,34.4171143821555
307,NA,NA,NA,NA,NA,NA,NA,NA,127.083127777778,176,1192,용화,전라북도 익산시 왕궁면 용화리 산1-44,국도,1호선,왕복4차선,36.0138666666667,36.0138666666667
308,NA,NA,NA,NA,NA,NA,NA,NA,126.801588888889,177,1193,고봉,전라북도 군산시 성산면 고봉리 산32-1,국도,27호선,왕복4차선,35.9805388888889,35.9805388888889
309,NA,NA,NA,NA,NA,NA,NA,NA,126.856202777778,178,1194,축산1,전라북도 군산시 임피면 축산리 산44-9,국도,27호선,왕복4차선,35.9952388888889,35.9952388888889
310,NA,NA,NA,NA,NA,NA,NA,NA,126.850211111111,179,1195,축산2,전라북도 군산시 임피면 축산리 산96-7,국도,27호선,왕복4차선,35.9965027777778,35.9965027777778
311,NA,NA,NA,NA,NA,NA,NA,NA,126.941225,180,1196,오봉,전라북도 정읍시 태인면 오봉리 66-1,국도,1호선,왕복4차선,35.6600055555556,35.6600055555556
312,NA,NA,NA,NA,NA,NA,NA,NA,127.194038888889,181,1197,남봉,전라북도 완주군 고산면 남봉리 산44-1,국도,17호선,왕복4차선,35.9656722222222,35.9656722222222
313,NA,NA,NA,NA,NA,NA,NA,NA,127.210697222222,182,1198,서봉,전라북도 완주군 고산면 서봉리 73,국도,17호선,왕복4차선,35.9828666666667,35.9828666666667
314,NA,NA,NA,NA,NA,NA,NA,NA,127.12935,183,1199,,전라남도 곡성군 오산면 단사리,국도,15호선,왕복2차선,35.2211194444444,35.2211194444444
315,NA,NA,NA,NA,NA,NA,NA,NA,127.090008333333,184,1200,두여,전라북도 익산시 여산면 두여리 산1-1,국도,1호선,왕복4차선,36.0720833333333,36.0720833333333
316,NA,NA,NA,NA,NA,NA,NA,NA,127.815413888889,185,1201,,전라북도 무주군 무풍면 삼거리,국도,37호선,왕복2차선,35.8810777777778,35.8810777777778
317,NA,NA,NA,NA,NA,NA,NA,NA,127.784825,186,1202,,전라북도 무주군 설천면 두길리,국도,37호선,왕복2차선,35.9658138888889,35.9658138888889
318,NA,NA,NA,NA,NA,NA,NA,NA,127.748688888889,187,1203,,전라북도 무주군 설천면 심곡리,국도,37호선,왕복2차선,35.8853555555556,35.8853555555556
319,NA,NA,NA,NA,NA,NA,NA,NA,127.129530555556,188,1204,,전라남도 곡성군 오산면 선세리,국도,15호선,왕복2차선,35.2022416666667,35.2022416666667
320,NA,NA,NA,NA,NA,NA,NA,NA,127.128686111111,189,1205,,전라남도 곡성군 오산면 선세리,국도,15호선,왕복2차선,35.2119416666667,35.2119416666667
321,NA,NA,NA,NA,NA,NA,NA,NA,127.149186111111,190,1206,장암,전라북도 임실군 덕치면 장암리 1020,국도,27,왕복4차선,35.462425,35.462425
322,NA,NA,NA,NA,NA,NA,NA,NA,127.220375,191,1207,신교,전라북도 완주군 소양면 신교리 14-2,국도,26호선,왕복4차선,35.8536277777778,35.8536277777778
323,NA,NA,NA,NA,NA,NA,NA,NA,126.952636111111,192,1208,월봉,전라북도 김제시 백구면 월봉리 83-2,국도,21호선,왕복4차선,35.8821638888889,35.8821638888889
324,NA,NA,NA,NA,NA,NA,NA,NA,127.345722222222,193,1209,신정,전라북도 진안군 부귀면 신정리 산257,국도,26호선,왕복4차선,35.8135611111111,35.8135611111111
325,NA,NA,NA,NA,NA,NA,NA,NA,127.413908333333,194,1210,정곡,전라북도 진안군 진안읍 정곡리 산227,국도,26호선,왕복4차선,35.7825833333333,35.7825833333333
326,NA,NA,NA,NA,NA,NA,NA,NA,127.659983906744,195,1211,육십령 생태통로,전라북도 장수군 장계면 명덕리 산154-89,국도,26,왕복2차선,35.7225967634739,35.7225967634739
327,NA,NA,NA,NA,NA,NA,NA,NA,127.485972222222,196,1212,여원재 생태통로,전라북도 남원시 이백면 양가리 산55-25,국도,24,왕복2차선,35.44875,35.44875
328,NA,NA,NA,NA,NA,NA,NA,NA,127.901555555556,197,1213,덕산재 생태통로,전라북도 무주군 무풍면 금평리 산161-6,국도,30,왕복2차선,35.9401388888889,35.9401388888889
329,NA,NA,NA,NA,NA,NA,NA,NA,127.041111111111,198,1214,운북_1,전라북도 순창군 구림면 운북리 산59-1,국도,21,왕복2차선,35.3398611111111,35.3398611111111
330,NA,NA,NA,NA,NA,NA,NA,NA,127.041222222222,199,1215,운북_2,전라북도 순창군 구림면 운북리 산59-1,국도,21,왕복2차선,35.4740555555556,35.4740555555556
331,NA,NA,NA,NA,NA,NA,NA,NA,127.040777777778,200,1216,운북_3,전라북도 순창군 구림면 운북리 산59-1,국도,21,왕복2차선,35.4742222222222,35.4742222222222
332,NA,NA,NA,NA,NA,NA,NA,NA,127.416833333333,201,1217,용담_1,전라북도 남원시 주천면 용담리,국도,19,왕복4차선,35.4114444444444,35.4114444444444
333,NA,NA,NA,NA,NA,NA,NA,NA,127.417,202,1218,용담_2,전라북도 남원시 주천면 용담리 ,국도,19,왕복4차선,35.4189166666667,35.4189166666667
334,NA,NA,NA,NA,NA,NA,NA,NA,126.9425,203,1219,방산_1,전라북도 순창군 쌍치면 방산리 484-10,국도,21,왕복2차선,35.5245555555556,35.5245555555556
335,NA,NA,NA,NA,NA,NA,NA,NA,126.942694444444,204,1220,방산_2,전라북도 순창군 쌍치면 방산리 484-8,국도,21,왕복2차선,35.5258055555556,35.5258055555556
336,NA,NA,NA,NA,NA,NA,NA,NA,127.556656440119,205,1221,화수,전라북도 남원시 운봉읍 화수리,국도,24,왕복2차선,35.4516009995704,35.4516009995704
337,NA,NA,NA,NA,NA,NA,NA,NA,127.422744444444,206,1222,상림,전라남도 고흥군 풍양면 상림리 산147-2,국도,27호선,왕복4차선,34.9706472222222,34.9706472222222
338,NA,NA,NA,NA,NA,NA,NA,NA,127.365862181992,207,1223,사정,전라남도 고흥군 점암면 사정리 산231-3,국도,15호선,왕복4차선,34.6730720083782,34.6730720083782
339,NA,NA,NA,NA,NA,NA,NA,NA,127.556638888889,208,1224,송정,전라남도 구례군 토지면 송정리 590-2,국도,19호선,왕복2차선,35.1921111111111,35.1921111111111
340,NA,NA,NA,NA,NA,NA,NA,NA,127.503436111111,209,1225,용두,전라남도 구례군 마산면 용두리 497,국도,19호선,왕복2차선,35.2032694444444,35.2032694444444
341,NA,NA,NA,NA,NA,NA,NA,NA,127.416438888889,210,1226,죽정,전라남도 구례군 용방면 죽정리 산24-14,국도,19호선,왕복4차선,35.2771138888889,35.2771138888889
342,NA,NA,NA,NA,NA,NA,NA,NA,127.541391666667,211,1227,파도,전라남도 구례군 토지면 파도리 1094,국도,19호선,왕복2차선,35.1925527777778,35.1925527777778
343,NA,NA,NA,NA,NA,NA,NA,NA,127.467216666667,212,1228,갑산,전라남도 구례군 마산면 갑산리 828,국도,19호선,왕복4차선,35.2236916666667,35.2236916666667
344,NA,NA,NA,NA,NA,NA,NA,NA,127.447580555556,213,1229,대산,전라남도 구례군 광의면 대산리 654-2,국도,19호선,왕복4차선,35.2406833333333,35.2406833333333
345,NA,NA,NA,NA,NA,NA,NA,NA,127.631388888889,214,1230,천남,경기도 여주군 대신면 천남리,국도,37호선,왕복4차선,37.329525,37.329525
346,NA,NA,NA,NA,NA,NA,NA,NA,127.631047222222,215,1231,현암,경기도 여주군 현암동,국도,37호선,왕복4차선,37.3223444444444,37.3223444444444
347,NA,NA,NA,NA,NA,NA,NA,NA,127.373527777778,216,1232,진촌,경기도 안성시 삼죽면 진촌리,국도,38호선,왕복4차선,37.065175,37.065175
348,NA,NA,NA,NA,NA,NA,NA,NA,127.657630555556,217,1233,매룡,경기도 여주시 매룡동,국도,42호선,왕복4차선,37.2809638888889,37.2809638888889
349,NA,NA,NA,NA,NA,NA,NA,NA,126.906644444444,218,1234,송라,경기도 화성시 매송면 송라리,국도,39호선,왕복4차선,37.2713,37.2713
350,NA,NA,NA,NA,NA,NA,NA,NA,126.902833333333,219,1235,숙곡,경기도 화성시 매송면 숙곡리,국도,39호선,왕복4차선,37.2620194444444,37.2620194444444
351,NA,NA,NA,NA,NA,NA,NA,NA,127.441186111111,220,1236,,경기도 가평군 북면 도대리,국도,75호선,왕복2차선,37.9914805555556,37.9914805555556
352,NA,NA,NA,NA,NA,NA,NA,NA,127.488555555556,221,1237,,경기도 가평군 북면 도대리,국도,75호선,왕복2차선,37.9418888888889,37.9418888888889
353,NA,NA,NA,NA,NA,NA,NA,NA,127.441986111111,222,1238,,경기도 가평군 북면 적목리,국도,75호선,왕복2차선,38.0141083333333,38.0141083333333
354,NA,NA,NA,NA,NA,NA,NA,NA,127.442555555556,223,1239,,경기도 가평군 북면 적목리,국도,75호선,왕복2차선,38.0175,38.0175
355,NA,NA,NA,NA,NA,NA,NA,NA,127.442666666667,224,1240,,경기도 가평군 북면 적목리,국도,75호선,왕복2차선,38.0212222222222,38.0212222222222
356,NA,NA,NA,NA,NA,NA,NA,NA,127.443166666667,225,1241,,경기도 가평군 북면 적목리 ,국도,75호선,왕복2차선,38.0249166666667,38.0249166666667
357,NA,NA,NA,NA,NA,NA,NA,NA,127.444027777778,226,1242,,경기도 가평군 북면 적목리,국도,75호선,왕복2차선,38.0332222222222,38.0332222222222
358,NA,NA,NA,NA,NA,NA,NA,NA,127.444583333333,227,1243,,경기도 가평군 북면 적목리,국도,75호선,왕복2차선,38.0364166666667,38.0364166666667
359,NA,NA,NA,NA,NA,NA,NA,NA,127.446944444444,228,1244,,경기도 가평군 북면 적목2리,국도,75호선,왕복2차선,38.0389444444444,38.0389444444444
360,NA,NA,NA,NA,NA,NA,NA,NA,127.449444444444,229,1245,적목리1호,경기도 가평군 북면 적목리,국도,75호선,왕복2차선,38.0401111111111,38.0401111111111
361,NA,NA,NA,NA,NA,NA,NA,NA,126.99075,230,1246,,경기도 양주시 장흥면 울대리,국도,39호선,왕복4차선,37.725,37.725
362,NA,NA,NA,NA,NA,NA,NA,NA,127.801311111111,231,1247,갈운생태통로,경기도 양평군 청운면 갈운리,국도,6호선,왕복2차선,37.5322972222222,37.5322972222222
363,NA,NA,NA,NA,NA,NA,NA,NA,126.917130555556,232,1248,없음,경기도 화성시 팔탄면 가재리,국도,82호선,왕복4차선,37.1525805555556,37.1525805555556
364,NA,NA,NA,NA,NA,NA,NA,NA,126.699166666667,233,1249,도라산 생태통로,경기도 파주시 장단면 도라산리 501,국도,1호선,왕복4차선,37.9013888888889,37.9013888888889
365,NA,NA,NA,NA,NA,NA,NA,NA,127.411111111111,234,1250,덕현 생태통로,경기도 가평군 상면 덕현리 731,국도,37호선,왕복4차선,37.7561111111111,37.7561111111111
366,NA,NA,NA,NA,NA,NA,NA,NA,127.468727777778,235,1251,신복1 생태통로,경기도 양평군 옥천면 신복리 산134-1,국도,37호선,왕복2차선,37.5604777777778,37.5604777777778
367,NA,NA,NA,NA,NA,NA,NA,NA,127.467763888889,236,1252,신복2 생태통로,경기도 양평군 옥천면 신복리,국도,37호선,왕복2차선,37.5599333333333,37.5599333333333
368,NA,NA,NA,NA,NA,NA,NA,NA,127.465138888889,237,1253,상천1 생태통로,경기도 가평군 청평면 상천리 134-4,국도,46호선,왕복4차선,37.7879444444444,37.7879444444444
369,NA,NA,NA,NA,NA,NA,NA,NA,127.455805555556,238,1254,상천2 생태통로,경기도 가평군 청평면 상천리 산93-2,국도,46호선,왕복4차선,37.7701111111111,37.7701111111111
370,NA,NA,NA,NA,NA,NA,NA,NA,127.394,239,1255,도평1 생태통로,경기도 포천시 이동면 도평리 503-7(도평교),국도,47호선,왕복2차선,38.0923611111111,38.0923611111111
371,NA,NA,NA,NA,NA,NA,NA,NA,127.392027777778,240,1256,도평2 생태통로,경기도 포천시 이동면 도평리 산371-1(약사교 하부),국도,47호선,왕복2차선,38.0728611111111,38.0728611111111
372,NA,NA,NA,NA,NA,NA,NA,NA,126.944194444444,241,1257,,충청남도 공주시 신풍면 청흥리,국도,39호선,왕복2차선,36.4699722222222,36.4699722222222
373,NA,NA,NA,NA,NA,NA,NA,NA,127.012501341108,242,1258,,충청남도 청양군 목면 송암리,국도,36호선,왕복4차선,36.4322211432233,36.4322211432233
374,NA,NA,NA,NA,NA,NA,NA,NA,128.4315,243,1259,죽령,충청북도 단양군 대강면 용부원리,국도,5호선,왕복3차선,36.9057194444444,36.9057194444444
375,NA,NA,NA,NA,NA,NA,NA,NA,128.056444444444,244,1260,신당리,충청북도 충주시 살미면 신당리,국도,36호선,왕복2차선,36.9206388888889,36.9206388888889
376,NA,NA,NA,NA,NA,NA,NA,NA,127.814472222222,245,1261,사담리,충청북도 괴산군 청천면 사담리,국도,37호선,왕복2차선,36.6130833333333,36.6130833333333
377,NA,NA,NA,NA,NA,NA,NA,NA,128.238388888889,246,1262,장회리,충청북도 단양군 단성면 장회리,국도,36호선,왕복3차선,36.9305555555556,36.9305555555556
378,NA,NA,NA,NA,NA,NA,NA,NA,128.417388888889,247,1263,용부원리,충청북도 단양군 대강면 용부원리,국도,5호선,왕복3차선,36.9090277777778,36.9090277777778
379,NA,NA,NA,NA,NA,NA,NA,NA,128.410222222222,248,1264,용부원리2,충청북도 단양군 대강면 용부원리,국도,5호선,왕복3차선,36.9109444444444,36.9109444444444
380,NA,NA,NA,NA,NA,NA,NA,NA,128.413583333333,249,1265,용부원리3,충청북도 단양군 대강면 용부원리,국도,5호선,왕복3차선,36.90925,36.90925
381,NA,NA,NA,NA,NA,NA,NA,NA,127.573222222222,250,1266,지오생태통로,충청북도 옥천군 군북면 지오리,국도,37호선,왕복4차선,36.3241111111111,36.3241111111111
382,NA,NA,NA,NA,NA,NA,NA,NA,127.508083333333,251,1267,증약생태통로,충청북도 옥천군 군북면 증약리,국도,4호선,왕복4차선,36.3373055555556,36.3373055555556
383,NA,NA,NA,NA,NA,NA,NA,NA,127.279333333333,252,1268,화성생태통로,충청남도 천안시 동남구 성남면 화성리15-8(병천3.35㎞),남부대로,(국도21호선),왕복4차선,36.7533611111111,36.7533611111111
384,NA,NA,NA,NA,NA,NA,NA,NA,127.281833333333,253,1269,장산1생태통로,충청남도 천안시 동남구 수신면 장산리 801-3(병천3.15㎞),남부대로,(국도21호선),왕복4차선,36.7536944444444,36.7536944444444
385,NA,NA,NA,NA,NA,NA,NA,NA,127.284,254,1270,장산2생태통로,충청남도 천안시 동남구 수신면 장산리 801-2(병천2.95㎞),국도,21호선,왕복4차선,36.7546666666667,36.7546666666667
386,NA,NA,NA,NA,NA,NA,NA,NA,127.28425,255,1271,장산3생태통로,충청남도 천안시 동남구 수신면 장산리 801-2(병천2.85㎞),국도,21호선,왕복4차선,36.7547833333333,36.7547833333333
387,NA,NA,NA,NA,NA,NA,NA,NA,126.422102777778,256,1272,풍전생태통로,충청남도 서산시 인지면 풍전리 359-1(서산4.1㎞),국도,32호선,왕복4차선,36.7679833333333,36.7679833333333
388,NA,NA,NA,NA,NA,NA,NA,NA,126.361319444444,257,1273,진장생태통로,충청남도 서산시 팔봉면 진장리 892-4(서산10.8㎞),국도,32호선,왕복4차선,36.77905,36.77905
389,NA,NA,NA,NA,NA,NA,NA,NA,126.443916666667,258,1274,,충청남도 서산시 지곡면 무장리,국지도,70호,왕복4차선,36.86575,36.86575
390,NA,NA,NA,NA,NA,NA,NA,NA,127.030665187833,259,1275,,충청남도 공주시 사곡면 고당리,지방도,629호선,왕복2차선,36.5274253529518,36.5274253529518
391,NA,NA,NA,NA,NA,NA,NA,NA,127.135208333333,260,1276,풍세동물이동통로,충청남도 천안시 동남구 풍세면 두남리,지방도,629호선,왕복4차선,36.7544472222222,36.7544472222222
392,NA,NA,NA,NA,NA,NA,NA,NA,128.406611111111,261,1277,가대리,충청북도 단양군 가곡면 가대리,국도,59호선,왕복2차선,37.0340833333333,37.0340833333333
393,NA,NA,NA,NA,NA,NA,NA,NA,128.305632010565,262,1278,가산리,충청북도 단양군 단성면 가산리,국도,59호선,왕복2차선,36.8983215488832,36.8983215488832
394,NA,NA,NA,NA,NA,NA,NA,NA,128.305810365414,263,1279,가산리2,충청북도 단양군 단성면 가산리,국도,59호선,왕복2차선,36.8968661528091,36.8968661528091
395,NA,NA,NA,NA,NA,NA,NA,NA,128.153891666667,264,1280,궁종리 생태통로_1,강원도 횡성군 둔내면 궁종리,일반국도,6호선,왕복2차선,37.4909777777778,37.4909777777778
396,NA,NA,NA,NA,NA,NA,NA,NA,128.094427777778,265,1281,정금리 생태통로,강원도 횡성군 우천면 정금리,일반국도,6호선,왕복2차선,37.5132138888889,37.5132138888889
397,NA,NA,NA,NA,NA,NA,NA,NA,128.149266666667,266,1282,궁종리 생태통로_2,강원도 횡성군 둔내면 궁종리,일반국도,6호선,왕복2차선,37.507525,37.507525
398,NA,NA,NA,NA,NA,NA,NA,NA,128.149544444444,267,1283,궁종리,강원도 횡성군 둔내면 궁종리,일반국도,6호선,왕복2차선,37.5078027777778,37.5078027777778
399,NA,NA,NA,NA,NA,NA,NA,NA,128.23722852919,268,1286,원대리,강원도 인제군 기린면 원대리,일반국도,31호선,왕복2차선,38.0115190546901,38.0115190546901
400,NA,NA,NA,NA,NA,NA,NA,NA,128.262637142608,269,1287,하추리,강원도 인제군 인제읍 하추리,일반국도,31호선,왕복2차선,38.0103661995243,38.0103661995243
401,NA,NA,NA,NA,NA,NA,NA,NA,128.009247222222,270,1290,금대리 생태통로,강원도 원주시 판부면 금대리,일반국도,42호선,왕복4차선,37.2709861111111,37.2709861111111
402,NA,NA,NA,NA,NA,NA,NA,NA,127.770365843511,271,1291,지내리 생태통로,강원도 춘천시 동면 지내리,일반국도,46호선,왕복4차선,37.9089779761596,37.9089779761596
403,NA,NA,NA,NA,NA,NA,NA,NA,128.611269444444,272,1292,진고개 생태통로,강원도 평창군 대관령면 병내리,국도,6호선,왕복3차선,37.7522944444444,37.7522944444444
404,NA,NA,NA,NA,NA,NA,NA,NA,128.852866666667,273,1293,삽당령 생태통로,강원도 강릉시 왕산면 송현리,국도,35호선,왕복2차선,37.5769305555556,37.5769305555556
405,NA,NA,NA,NA,NA,NA,NA,NA,128.355774960384,274,1294,진부령 생태통로,강원도 고성군 간성읍 진부리,국도,46호선,왕복2차선,38.2789599446105,38.2789599446105
406,NA,NA,NA,NA,NA,NA,NA,NA,128.364610789619,275,1295,한계령 생태통로,강원도 인제군 북면 한계리,국도,44호선,왕복2차선,38.1118965491,38.1118965491
407,NA,NA,NA,NA,NA,NA,NA,NA,128.396825,276,1296,제진1 생태통로,강원도 고성군 현내면 제진리,국도,7호선,왕복4차선,38.5580944444444,38.5580944444444
408,NA,NA,NA,NA,NA,NA,NA,NA,128.356944444444,277,1297,진부리 생태통로,강원도 고성군 간성읍 진부리,국도,46호선,왕복3차선,38.2666666666667,38.2666666666667
409,NA,NA,NA,NA,NA,NA,NA,NA,128.373333333333,278,1298,한계령 생태통로,강원도 인제군 북면 한계리,국도,44호선,왕복2차선,38.1080555555556,38.1080555555556
410,NA,NA,NA,NA,NA,NA,NA,NA,128.611111111111,279,1299,병내리 생태통로,강원도 평창군 대관령면 병내리,국도,6호선,왕복3차선,37.7564777777778,37.7564777777778
411,NA,NA,NA,NA,NA,NA,NA,NA,128.422930555556,280,1300,자운리 생태통로,강원도 홍천군 내면 자운리,국도,31호선,왕복2차선,37.7184166666667,37.7184166666667
412,NA,NA,NA,NA,NA,NA,NA,NA,128.878440621694,281,1301,화방재 생태통로,강원도 영월군 상동읍 천평리,국도,31호선,왕복2차선,37.117218267854,37.117218267854
413,NA,NA,NA,NA,NA,NA,NA,NA,128.903498301238,282,1302,백복령 생태통로,강원도 정선군 임계면 직원리,국도,42호선,왕복2차선,37.5208585344709,37.5208585344709
414,NA,NA,NA,NA,NA,NA,NA,NA,128.380222222222,283,1303,연정재 생태통로,강원도 영월군 한반도면 후탄리,국도,38호선,왕복4차선,37.1849166666667,37.1849166666667
415,NA,NA,NA,NA,NA,NA,NA,NA,128.852944444444,284,1304,무사리 생태이동통로,강원도 삼척시 미로면 무사리,국도,38호선,왕복4차선,37.5773055555556,37.5773055555556
416,NA,NA,NA,NA,NA,NA,NA,NA,128.786277777778,285,1305,너그니재 생태이동통로,강원도 정선군 여량면 남곡리,국도,42호선,왕복2차선,37.486,37.486
417,NA,NA,NA,NA,NA,NA,NA,NA,128.74525,286,1306,봉정리 생태이동통로,강원도 정선군 여량면 유천리,국도,42호선,왕복2차선,37.4686111111111,37.4686111111111
418,NA,NA,NA,NA,NA,NA,NA,NA,128.784372222222,287,1307,남곡리 생태이동통로,강원도 정선군 여량면 남곡리,국도,42호선,왕복2차선,37.4886694444444,37.4886694444444
419,NA,NA,NA,NA,NA,NA,NA,NA,128.291861111111,288,1308,생곡리1호,강원도 홍천군 서석면 생곡리,국도,56호선,왕복2차선,37.7316944444444,37.7316944444444
420,NA,NA,NA,NA,NA,NA,NA,NA,128.298388888889,289,1309,생곡리2호,강원도 홍천군 서석면 생곡리,국도,56호선,왕복2차선,37.7400555555556,37.7400555555556
421,NA,NA,NA,NA,NA,NA,NA,NA,128.302111111111,290,1310,생곡리3호,강원도 홍천군 서석면 생곡리,국도,56호선,왕복2차선,37.7426388888889,37.7426388888889
422,NA,NA,NA,NA,NA,NA,NA,NA,128.66425,291,1311,,강원도 양양군 현북면 어성전리,국도,59호선,왕복2차선,37.9511388888889,37.9511388888889
423,NA,NA,NA,NA,NA,NA,NA,NA,128.493388888889,292,1312,갈천리 1호,강원도 양양군 서면 갈천리,국도,56호선,왕복2차선,37.9362222222222,37.9362222222222
424,NA,NA,NA,NA,NA,NA,NA,NA,128.499222222222,293,1313,갈천리 2호,강원도 양양군 서면 갈천리,국도,56호선,왕복2차선,37.9246111111111,37.9246111111111
425,NA,NA,NA,NA,NA,NA,NA,NA,128.509083333333,294,1314,갈천리 3호,강원도 양양군 서면 갈천리,국도,56호선,왕복2차선,37.9085,37.9085
426,NA,NA,NA,NA,NA,NA,NA,NA,128.493472222222,295,1315,갈천리 4호,강원도 양양군 서면 갈천리,국도,56호선,왕복2차선,37.9307777777778,37.9307777777778
427,NA,NA,NA,NA,NA,NA,NA,NA,128.504777777778,296,1316,갈천리 5호,강원도 양양군 서면 갈천리,국도,56호선,왕복2차선,37.9085555555556,37.9085555555556
428,NA,NA,NA,NA,NA,NA,NA,NA,128.719,297,1317,덕우리,강원도 정선군 정선읍,국도,59호선,왕복2차선,37.3566111111111,37.3566111111111
429,NA,NA,NA,NA,NA,NA,NA,NA,127.52675,298,1318,실내1 생태이동통로,강원도 화천군 상서면 다목리,국도,56호선,왕복2차선,38.1632222222222,38.1632222222222
430,NA,NA,NA,NA,NA,NA,NA,NA,127.52675,299,1319,실내2 생태이동통로_1,강원도 화천군 상서면 다목리,국도,56호선,왕복2차선,38.1636666666667,38.1636666666667
431,NA,NA,NA,NA,NA,NA,NA,NA,127.52675,300,1320,실내2 생태이동통로_2,강원도 화천군 상서면 다목리,국도,56호선,왕복2차선,38.1636666666667,38.1636666666667
432,NA,NA,NA,NA,NA,NA,NA,NA,128.35295,301,1321,발산통로,경상남도 진주시 이반성면 발산리,국도,2호선,왕복4차선,35.1365861111111,35.1365861111111
433,NA,NA,NA,NA,NA,NA,NA,NA,128.168038888889,302,1322,정양통로,경상남도 합천군 대양면 정양리,국도,33호선,왕복4차선,35.552125,35.552125
434,NA,NA,NA,NA,NA,NA,NA,NA,128.022777777778,303,1323,상현1통로,경상남도 합천군 봉산면 상현리,국도,24호선,왕복2차선,35.6325,35.6325
435,NA,NA,NA,NA,NA,NA,NA,NA,128.039722222222,304,1324,상현2통로,경상남도 합천군 봉산면 상현리,국도,24호선,왕복2차선,35.6297222222222,35.6297222222222
436,NA,NA,NA,NA,NA,NA,NA,NA,128.174722222222,305,1325,덕암통로,경상남도 합천군 야로면 덕암리,국도,26호선,왕복2차선,35.6747222222222,35.6747222222222
437,NA,NA,NA,NA,NA,NA,NA,NA,128.317025,306,1326,대구국토3(교리 생태통로),경상북도 구미시 선산읍 교리,국도,33호선,왕복4차선,36.2647444444444,36.2647444444444
438,NA,NA,NA,NA,NA,NA,NA,NA,128.696638888889,307,1327,대구국토4(화양읍 생태통로),경상북도 청도군 화양읍 삼신리,국도,25호선,왕복4차선,35.6739555555556,35.6739555555556
439,NA,NA,NA,NA,NA,NA,NA,NA,129.162222222223,308,1328,금강송 생태통로,경상북도 울진군 서면 광회리,국도,36호선,왕복2차선,36.9325343041132,36.9325343041132
440,NA,NA,NA,NA,NA,NA,NA,NA,129.349833333333,309,1329,행곡 생태통로,경상북도 울진군 근남 행곡리,국도,36호선,왕복2차선,36.9733388888889,36.9733388888889
441,NA,NA,NA,NA,NA,NA,NA,NA,129.339583333333,310,1330,청서교,경상북도 포항시 남구 연일읍 우복리 산15-2,국도,31호선,왕복4차선,35.9767916666667,35.9767916666667
442,NA,NA,NA,NA,NA,NA,NA,NA,128.131388888889,311,1331,신현육교(병풍육교),경상북도 문경시 마성면 신현리 산43-1 일원,국도,3호선,왕복4차선,36.6549722222222,36.6549722222222
443,NA,NA,NA,NA,NA,NA,NA,NA,128.700831823083,312,1332,신암육교,경상북도 영주시 이산면 신암리 산46-1,국도,36호선,왕복4차선,36.8572449021921,36.8572449021921
444,NA,NA,NA,NA,NA,NA,NA,NA,128.714031384253,313,1333,지동육교1,경상북도 영주시 이산면 지동리 산163-2 일원,국도,36호선,왕복4차선,36.8630191578062,36.8630191578062
445,NA,NA,NA,NA,NA,NA,NA,NA,128.723944444444,314,1334,지동육교2,경상북도 영주시 이산면 지동리 산156-3,국도,36호선,왕복4차선,36.86625,36.86625
446,NA,NA,NA,NA,NA,NA,NA,NA,128.751731377971,315,1335,유곡육교,경상북도 봉화군 봉화읍 유곡리 산38-3,국도,36호선,왕복4차선,36.8825953156852,36.8825953156852
447,NA,NA,NA,NA,NA,NA,NA,NA,128.450277777778,316,1336,수로암거,경상북도 영주시 풍기읍 수철리 산4-3 일원,국도,5호선,왕복2차선,36.8691666666667,36.8691666666667
448,NA,NA,NA,NA,NA,NA,NA,NA,128.935,317,1337,수로암거,경상북도 봉화군 명호면 삼동리 790,국도,35호선,왕복2차선,36.8777777777778,36.8777777777778
449,NA,NA,NA,NA,NA,NA,NA,NA,128.910555555556,318,1338,원형수로,경상북도 봉화군 명호면 삼동리 1443-1 일원,국도,35호선,왕복2차선,36.8708333333333,36.8708333333333
450,NA,NA,NA,NA,NA,NA,NA,NA,128.945,319,1339,원형수로,경상북도 봉화군 법전면 소천리 27-3,국도,35호선,왕복2차선,36.8980555555556,36.8980555555556
451,NA,NA,NA,NA,NA,NA,NA,NA,128.975277777778,320,1340,통로암거,경상북도 봉화군 법전면 어지리 97-5,국도,31호선,왕복3차선(오르막차로1차로포함),36.9186111111111,36.9186111111111
452,NA,NA,NA,NA,NA,NA,NA,NA,129.004166666667,321,1341,수로암거,경상북도 봉화군 석포면 대현리 440-1,국도,31호선,왕복2차선,37.0522222222222,37.0522222222222
453,NA,NA,NA,NA,NA,NA,NA,NA,129.008611111111,322,1342,원형수로,경상북도 봉화군 석포면 대현리 산47-2,국도,31호선,왕복2차선,37.0622222222222,37.0622222222222
454,NA,NA,NA,NA,NA,NA,NA,NA,129.003713888889,323,1343,수로암거,경상북도 봉화군 소천면 고선리 105-4,국도,31호선,왕복2차선,36.9702555555556,36.9702555555556
455,NA,NA,NA,NA,NA,NA,NA,NA,128.992833333333,324,1344,수로암거,경상북도 봉화군 소천면 고선리 297-5,국도,31호선,왕복2차선,36.9798861111111,36.9798861111111
456,NA,NA,NA,NA,NA,NA,NA,NA,128.977927777778,325,1345,수로암거,경상북도 봉화군 소천면 고선리 산61-22,국도,31호선,왕복2차선,37.0010888888889,37.0010888888889
457,NA,NA,NA,NA,NA,NA,NA,NA,128.708539289386,326,1346,옹천육교,경상북도 안동시 북후면 옹천리 산30-1,국도,5호선,왕복4차선,36.6946299514719,36.6946299514719
458,NA,NA,NA,NA,NA,NA,NA,NA,128.806716666667,327,1347,용성리 A,경상남도 밀양시 삼랑진읍 용성리 산58-6번지,국도,58호선,왕복2차선,35.4289611111111,35.4289611111111
459,NA,NA,NA,NA,NA,NA,NA,NA,128.808505555556,328,1348,용성리 B,경상남도 밀양시 삼랑진읍 용성리 산64-1번지,국도,58호선,왕복2차선,35.4267666666667,35.4267666666667
460,NA,NA,NA,NA,NA,NA,NA,NA,128.177138888889,329,1349,,경상북도 성주군 수륜면 신파리,국도,59호선,왕복2차선,35.8193611111111,35.8193611111111
461,NA,NA,NA,NA,NA,NA,NA,NA,128.145222222222,330,1350,,경상북도 성주군 수륜면 백운리,국도,59호선,왕복2차선,35.83325,35.83325
462,NA,NA,NA,NA,NA,NA,NA,NA,128.749944444444,331,1351,,경상북도 영천시 신녕면 화서리,국도,28호선,왕복4차선,36.1041111111111,36.1041111111111
463,NA,NA,NA,NA,NA,NA,NA,NA,128.749941825867,332,1352,,경상북도 영천시 신녕면 화서리,국도,28호선,왕복4차선,36.1042672965175,36.1042672965175
464,NA,NA,NA,NA,NA,NA,NA,NA,128.711980158485,333,1353,,경상북도 영천시 신녕면 화서리,국도,28호선,왕복4차선,36.0698341507611,36.0698341507611
465,NA,NA,NA,NA,NA,NA,NA,NA,128.839972222222,334,1354,,경상북도 영천시 화산면 덕암리,국도,28호선,왕복4차선,36.03625,36.03625
466,NA,NA,NA,NA,NA,NA,NA,NA,128.299305555556,335,1355,,경상북도 예천군 풍양면 청운리,국도,59호선,왕복4차선,36.5200555555556,36.5200555555556
467,NA,NA,NA,NA,NA,NA,NA,NA,129.178611111111,336,1356,,경상북도 영양군 수비면 계리,국도,88호선,왕복2차선,36.7630555555556,36.7630555555556
468,NA,NA,NA,NA,NA,NA,NA,NA,127.847416666667,337,1357,지막생태통로,경상남도 산청군 금서면 지막리,국도,59호,왕복2차선,35.3919166666667,35.3919166666667
469,NA,NA,NA,NA,NA,NA,NA,NA,126.748183333333,338,1358,무안광주선 37.48k,광주광역시 광산구 지죽동,무안광주선,(고속국도 12호선),왕복4차선,35.1390111111111,35.1390111111111
470,NA,NA,NA,NA,NA,NA,NA,NA,127.408472222222,339,1359,평택제천선 35.10k(갈전육교),경기도 안성시 미양면 갈전리,평택제천선,(고속국도 40호선),왕복4차선,37.6438944444444,37.6438944444444
471,NA,NA,NA,NA,NA,NA,NA,NA,127.4065,340,1360,평택제천선 34.90k,경기도 안성시 미양면 갈전리,평택제천선,(고속국도 40호선),왕복4차선,37.6458055555556,37.6458055555556
472,NA,NA,NA,NA,NA,NA,NA,NA,127.605002777778,341,1361,중부내륙선 263.20k,경기도 여주군 가남면 안금리,중부내륙선,(고속국도 45호선),왕복4차선,37.2141666666667,37.2141666666667
473,NA,NA,NA,NA,NA,NA,NA,NA,128.917544444444,342,1362,동해선 48.20k(어단육교),강원도 강릉시 구정면 어단리,동해선,(고속국도 65호선),왕복4차선,37.6900305555556,37.6900305555556
474,NA,NA,NA,NA,NA,NA,NA,NA,128.917544444444,343,1363,동해선 67.70k(석교육교),강원도 강릉시 사천면 석교리,동해선,(고속국도 65호선),왕복4차선,37.6900305555556,37.6900305555556
475,NA,NA,NA,NA,NA,NA,NA,NA,128.782261111111,344,1364,영동선 226.94k,강원도 강릉시 성산면 보광리,영동선,(고속국도 50호선),왕복4차선,37.7343805555556,37.7343805555556
476,NA,NA,NA,NA,NA,NA,NA,NA,128.789991666667,345,1365,영동선 228.80k,강원도 강릉시 성산면 보광리,영동선,(고속국도 50호선),왕복4차선,37.7476888888889,37.7476888888889
477,NA,NA,NA,NA,NA,NA,NA,NA,127.949788888889,346,1366,중앙선 333.46k,강원도 횡성군 횡성읍 갈풍리,중앙선,(고속국도 55호선),왕복4차선,37.4879972222222,37.4879972222222
478,NA,NA,NA,NA,NA,NA,NA,NA,128.714755555556,347,1367,동해선 90.30k(잔교육교),강원도 양양군 현북면 하광정리,동해선,(고속국도 65호선),왕복4차선,38.0060611111111,38.0060611111111
479,NA,NA,NA,NA,NA,NA,NA,NA,127.881247222222,348,1368,서울양양선 70.31k,강원도 홍천군 북방면 성동리,서울양양선,(고속국도 60호선),왕복4차선,37.7553083333333,37.7553083333333
480,NA,NA,NA,NA,NA,NA,NA,NA,127.848061111111,349,1369,청주상주선 41.10k(갈평육교),충청북도 보은군 마로면 갈평리,청주상주선,(고속국도 30호선),왕복4차선,36.45505,36.45505
481,NA,NA,NA,NA,NA,NA,NA,NA,127.667380555556,350,1370,청주상주선 24.55k,충청북도 보은군 수한면 교암리,청주상주선,(고속국도 30호선),왕복4차선,36.4726083333333,36.4726083333333
482,NA,NA,NA,NA,NA,NA,NA,NA,127.614025,351,1371,청주상주선  19.42k,충청북도 보은군 회인면 애곡리,청주상주선,(고속국도 30호선),왕복4차선,36.4818305555556,36.4818305555556
483,NA,NA,NA,NA,NA,NA,NA,NA,127.614724,352,1372,청주상주선 19.58k(애곡육교),충청북도 보은군 수한면 건천리,청주상주선,(고속국도 30호선),왕복4차선,36.481197,36.481197
484,NA,NA,NA,NA,NA,NA,NA,NA,127.000094,353,1373,당진대전선 53.60k(영정육교),충청남도 공주시 신풍면 영정리,당진대전선,(고속국도 30호선),왕복4차선,36.516575,36.516575
485,NA,NA,NA,NA,NA,NA,NA,NA,127.079438,354,1374,당진대전선 61.60k(상서육교),충청남도 공주시 우성면 상서리,당진대전선,(고속국도 30호선),왕복4차선,36.48645,36.48645
486,NA,NA,NA,NA,NA,NA,NA,NA,127.144863888889,355,1375,당진대전선 68.10k,충청남도 공주시 의당면 청룡리,당진대전선,(고속국도 30호선),왕복4차선,36.4949944444444,36.4949944444444
487,NA,NA,NA,NA,NA,NA,NA,NA,126.571022,356,1376,서해안선 243.45k(운산터널),충청남도 서산시 운산면 신창리,서해안선,(고속국도 15호선),왕복4차선,36.762005,36.762005
488,NA,NA,NA,NA,NA,NA,NA,NA,126.625127777778,357,1377,당진대전선 1.30k(사기소육교),충청남도 당진시 당진읍 사기소리,당진대전선,(고속국도 30호선),왕복4차선,36.8422861111111,36.8422861111111
489,NA,NA,NA,NA,NA,NA,NA,NA,127.185627777778,358,1378,익산장수선 11.40k,전라북도 완주군 용진면 상삼리,익산장수선,(고속국도 20호선),왕복4차선,35.8814638888889,35.8814638888889
490,NA,NA,NA,NA,NA,NA,NA,NA,127.612361111111,359,1379,중부선 143.42k,전라북도 장수군 계북면 원촌리,중부선,(고속국도 35호선),왕복4차선,35.7799861111111,35.7799861111111
491,NA,NA,NA,NA,NA,NA,NA,NA,127.470011111111,360,1380,익산장수선 45.60k,전라북도 진안군 진안읍 물곡리,익산장수선,(고속국도 20호선),왕복4차선,35.7749777777778,35.7749777777778
492,NA,NA,NA,NA,NA,NA,NA,NA,126.638761111111,361,1381,무안광주선 24.90k,전라남도 나주시 문평면 대도리,무안광주선,(고속국도 10호선),왕복4차선,35.0768,35.0768
493,NA,NA,NA,NA,NA,NA,NA,NA,126.555997222222,362,1382,무안광주선 16.94k,전라남도 함평군 학교면 마산리,무안광주선,(고속국도 10호선),왕복4차선,35.0577527777778,35.0577527777778
494,NA,NA,NA,NA,NA,NA,NA,NA,128.103663888889,363,1383,중부내륙선 182.70k,경상북도 문경시 문경읍 마원2리,중부내륙선,(고속국도 45호선),왕복4차선,36.717525,36.717525
495,NA,NA,NA,NA,NA,NA,NA,NA,128.197761111111,364,1384,청주상주선 76.21k,경상북도 상주시 낙동면 운평리,청주상주선,(고속국도 30호선),왕복4차선,36.3716361111111,36.3716361111111
496,NA,NA,NA,NA,NA,NA,NA,NA,128.043916666667,365,1385,청주상주선 59.66k,경상북도 상주시 내서면 고곡리,청주상주선,(고속국도 30호선),왕복4차선,36.4260916666667,36.4260916666667
497,NA,NA,NA,NA,NA,NA,NA,NA,128.022858333333,366,1386,청주상주선 57.67k,경상북도 상주시 내서면 서원리,청주상주선,(고속국도 30호선),왕복4차선,36.4290666666667,36.4290666666667
498,NA,NA,NA,NA,NA,NA,NA,NA,128.213691666667,367,1387,중부내륙선 146.90k,경상북도 상주시 헌신동,중부내륙선,(고속국도 45호선),왕복4차선,36.42905,36.42905
499,NA,NA,NA,NA,NA,NA,NA,NA,128.908366666667,368,1388,대구포항선 27.90k,경상북도 영천시 매산동,대구포항선,(고속국도 20호선),왕복6차선,36.0303055555556,36.0303055555556
500,NA,NA,NA,NA,NA,NA,NA,NA,128.841657617222,369,1389,대구포항선 19.40k,경상북도 영천시 청통면 신덕리,대구포항선,(고속국도 20호선),왕복6차선,35.9774544179824,35.9774544179824
501,NA,NA,NA,NA,NA,NA,NA,NA,128.963941666667,370,1390,대구포항선 33.70k,경상북도 영천시 화남면 죽곡리,대구포항선,(고속국도 20호선),왕복6차선,36.0535333333333,36.0535333333333
502,NA,NA,NA,NA,NA,NA,NA,NA,129.195177777778,371,1391,대구포항선 56.80k,경상북도 포항시 북구 기계면 지가리,대구포항선,(고속국도 20호선),왕복6차선,36.0831555555556,36.0831555555556
503,NA,NA,NA,NA,NA,NA,NA,NA,128.111952777778,372,1392,중부선 46.76k,경상남도 진주시 정촌면 화개리,중부선,(고속국도 35호선),왕복4차선,35.1344333333333,35.1344333333333
504,NA,NA,NA,NA,NA,NA,NA,NA,128.269661111111,373,1393,중부선 28.76k,경상남도 고성군 대가면 송계리,중부선,(고속국도 35호선),왕복4차선,35.0499055555556,35.0499055555556
505,NA,NA,NA,NA,NA,NA,NA,NA,128.267072222222,374,1394,중부선 29.03k,경상남도 고성군 대가면 송계리,중부선,(고속국도 35호선),왕복4차선,35.0512833333333,35.0512833333333
506,NA,NA,NA,NA,NA,NA,NA,NA,127.103125,375,1395,호남선 187.90k(원수육교),전라북도 익산시 여산면 원수리,호남선,(고속국도 25호선),왕복8차선,36.0259388888889,36.0259388888889
507,NA,NA,NA,NA,NA,NA,NA,NA,126.747841666667,376,1396,순천완주선 49.98k(송내육교),전라북도 남원시 송동면 송내리,순천완주선,(고속국도 27호선),왕복4차선,35.1383777777778,35.1383777777778
508,NA,NA,NA,NA,NA,NA,NA,NA,126.828205844034,377,1397,영암순천선 30.36k(토마육교),전라남도 강진군 작천면 토마리,영암순천선,(고속국도 10호선),왕복4차선,34.6798379861485,34.6798379861485
509,NA,NA,NA,NA,NA,NA,NA,NA,127.598916666667,378,1398,평택제천선 70.17k,충청북도 음성군 금왕읍 용계리,평택제천선,(고속국도 40호선),왕복4차선,36.9769444444444,36.9769444444444
510,NA,NA,NA,NA,NA,NA,NA,NA,127.679638888889,379,1399,평택제천선 78.47k,충청북도 충주시 신니면 모남리,평택제천선,(고속국도 40호선),왕복4차선,37.0090833333333,37.0090833333333
511,NA,NA,NA,NA,NA,NA,NA,NA,127.284283333333,380,1400,평택제천선 27.40k,경기도 안성시 원곡면 반제리,평택제천선,(고속국도 40호선),왕복4차선,37.04315,37.04315
512,NA,NA,NA,NA,NA,NA,NA,NA,127.707661111111,381,1401,청주상주선 28.41k,충청북도 보은군 보은읍 지산리,청주상주선,(고속국도 30호선),왕복4차선,36.4599111111111,36.4599111111111
513,NA,NA,NA,NA,NA,NA,NA,NA,127.451944444444,382,1402,평택제천선 55.89k,충청북도 진천군 이월면 내촌리,평택제천선,(고속국도 40호선),왕복4차선,36.9453333333333,36.9453333333333
514,NA,NA,NA,NA,NA,NA,NA,NA,126.803608333333,383,1403,서천공주선 25.70k,충청남도 부여군 구룡면 현암리,서천공주선,(고속국도 151호선),왕복4차선,36.2655833333333,36.2655833333333
515,NA,NA,NA,NA,NA,NA,NA,NA,126.6052,384,1404,무안광주선 21.60k,전라남도 나주시 문평면 송산리,무안광주선,(고속국도 12호선),왕복4차선,35.0687138888889,35.0687138888889
516,NA,NA,NA,NA,NA,NA,NA,NA,128.133869444444,385,1405,청주상주선 70.08k,경상북도 상주시 가장동,청주상주선,(고속국도 30호선),왕복4차선,36.3694027777778,36.3694027777778
517,NA,NA,NA,NA,NA,NA,NA,NA,128.096766666667,386,1406,청주상주선 65.85k,경상북도 상주시 내서면 능암리,청주상주선,(고속국도 30호선),왕복4차선,36.3934944444444,36.3934944444444
518,NA,NA,NA,NA,NA,NA,NA,NA,128.072027777778,387,1407,청주상주선 62.97k,경상북도 상주시 내서면 신촌리,청주상주선,(고속국도 30호선),왕복4차선,36.4071416666667,36.4071416666667
519,NA,NA,NA,NA,NA,NA,NA,NA,128.196416666667,388,1408,남해선 79.20k,경상남도 진주시 문산읍 상문리,남해선,(고속국도 10호선),왕복8차선,35.1813916666667,35.1813916666667
520,NA,NA,NA,NA,NA,NA,NA,NA,128.259319444444,389,1409,남해선 86.17k,경상남도 진주시 지수면 금곡리,남해선,(고속국도 10호선),왕복8차선,35.2090777777778,35.2090777777778
521,NA,NA,NA,NA,NA,NA,NA,NA,128.262905555556,390,1410,남해선 87.10k,경상남도 진주시 지수면 금곡리,남해선,(고속국도 10호선),왕복8차선,35.2133555555556,35.2133555555556
522,NA,NA,NA,NA,NA,NA,NA,NA,128.279069444444,391,1411,남해선 93.04k,경상남도 함안군 군북면 박곡리,남해선,(고속국도 10호선),왕복8차선,35.2647222222222,35.2647222222222
523,NA,NA,NA,NA,NA,NA,NA,NA,128.281488888889,392,1412,남해선 93.30k,경상남도 함안군 군북면 박곡리,남해선,(고속국도 10호선),왕복8차선,35.2695166666667,35.2695166666667
524,NA,NA,NA,NA,NA,NA,NA,NA,126.636613888889,393,1413,영암순천선 12.65k,전라남도 영암군 학산면 상월리,영암순천선,(고속국도 10호선),왕복왕복4차선차선,34.713675,34.713675
525,NA,NA,NA,NA,NA,NA,NA,NA,126.636613888889,394,1414,영암순천선 12.94k,전라남도 영암군 학산면 상월리,영암순천선,(고속국도 10호선),왕복왕복4차선차선,34.713675,34.713675
526,NA,NA,NA,NA,NA,NA,NA,NA,127.157938888889,395,1415,영암순천선 66.69k,전라남도 보성군 겸백면 남양리,영암순천선,(고속국도 10호선),왕복4차선,34.8076083333333,34.8076083333333
527,NA,NA,NA,NA,NA,NA,NA,NA,129.1325,396,1416,하늘공원 진입로_2,울산광역시 울주군 삼동면 조일리,보삼길,소로 1-3 호선,왕복2차선,35.4775,35.4775
528,NA,NA,NA,NA,NA,NA,NA,NA,127.048661111111,397,1417,용두생태터널,충청남도 아산시 탕정면 용두리 산22(아산시 충무로 72번길 13),충무로72번길,13,왕복6차선,36.8172111111111,36.8172111111111
529,NA,NA,NA,NA,NA,NA,NA,NA,127.410833333333,398,1419,신양생태통로,충청남도 예산군 신양면 대덕리 370-1,위임국도,32호,왕복4차선,37.2888888888889,37.2888888888889
530,NA,NA,NA,NA,NA,NA,NA,NA,127.729194444444,399,1420,평택제천선 84.20k,충청북도 충주시 신니면 화석리,평택제천선,고속국도 제40호선,왕복4차선,37.0317777777778,37.0317777777778
531,NA,NA,NA,NA,NA,NA,NA,NA,127.732,400,1421,평택제천선 84.47k,충청북도 충주시 노은면 문성리,평택제천선,고속국도 제40호선,왕복4차선,37.0337222222222,37.0337222222222
532,NA,NA,NA,NA,NA,NA,NA,NA,0,401,1422,현암생태통로,경기도 여주시 현암동 640-11,도시계획도로,시도 10호선,왕복4차선,0,0
533,NA,NA,NA,NA,NA,NA,NA,NA,128.704863888889,402,1426,토월,경상남도 창원시 성산구 토월동 산 11-2,국도,25호선,왕복4차선,35.2337361111111,35.2337361111111
534,NA,NA,NA,NA,NA,NA,NA,NA,128.174722222222,403,1427,중남통로,경상남도 함양군 서하면 송계리 산146-2번지,국도,26호,왕복1차선,35.6747222222222,35.6747222222222
535,NA,NA,NA,NA,NA,NA,NA,NA,128.464236111111,404,1428,생태통로(대대터널:개착식),강원도 고성군 거진읍 송죽리,국도,7,왕복4차선,38.3993888888889,38.3993888888889
536,NA,NA,NA,NA,NA,NA,NA,NA,126.748611111111,405,1429,무안광주선 37.48k,광주광역시 광산구 지죽동(무안광주선 37.48k),무안광주선,37.48k,왕복4차선,35.1411111111111,35.1411111111111
537,NA,NA,NA,NA,NA,NA,NA,NA,126.639655555556,406,1430,무안광주선 24.90k,전라남도 나주시 문평면 대도리(무안광주선 24.90k),무안광주선,24.90k,왕복4차선,35.0794694444444,35.0794694444444
538,NA,NA,NA,NA,NA,NA,NA,NA,126.556652777778,407,1431,무안광주선 16.94k,전라남도 함평군 학교면 마산리(무안광주선 16.94k),무안광주선,16.94k,왕복4차선,35.0606555555556,35.0606555555556
539,NA,NA,NA,NA,NA,NA,NA,NA,127.349666666667,408,1432,순천완주선 49.98k(송내육교),전라북도 남원시 수지면 남창리(순천완주선 49.98k),순천완주선,49.98k,왕복4차선,35.3430833333333,35.3430833333333
540,NA,NA,NA,NA,NA,NA,NA,NA,126.828194444444,409,1433,영암순천선 30.36k(토마육교),전라남도 강진군 작천면 토마리(영암순천선 30.36k),영암순천선,30.36k,왕복4차선,34.6798611111111,34.6798611111111
541,NA,NA,NA,NA,NA,NA,NA,NA,127.181944444444,410,1434,은봉로 생태통로,인천광역시 남동구 논현동 685,은봉로,0,왕복5차선,37.6836111111111,37.6836111111111
542,NA,NA,NA,NA,NA,NA,NA,NA,127.2,411,1435,소낭이대고개,인천광역시 남동구 논현동413-24,논고개로,0,왕복5,37.6833333333333,37.6833333333333
543,NA,NA,NA,NA,NA,NA,NA,NA,126.605819444444,412,1436,무안광주선 21.60k,전라남도 나주시 문평면 송산리(무안광주선 21.60k),무안광주선,21.60k,왕복4차선,35.0713638888889,35.0713638888889
544,NA,NA,NA,NA,NA,NA,NA,NA,126.642222222222,413,1437,영암순천선 12.64k,전라남도 영암군 학산면 상월리,영암순천선,12.64k,왕복4차선,34.7069722222222,34.7069722222222
545,NA,NA,NA,NA,NA,NA,NA,NA,126.645111111111,414,1439,영암순천선 12.94k,전라남도 영암군 학산면 상월리,영암순천선,12.94k,왕복4차선,34.7066666666667,34.7066666666667
546,NA,NA,NA,NA,NA,NA,NA,NA,127.157938888889,415,1440,영암순천선 66.69k,전라남도 보성군 겸백면 남양리,고속국도,10호선,왕복4차선,34.8076083333333,34.8076083333333
547,NA,NA,NA,NA,NA,NA,NA,NA,127.215277777778,416,1442,은봉로생태통로1,인천광역시 남동구 논현동 685,은봉로,0,왕복4차선,37.6836111111111,37.6836111111111
548,NA,NA,NA,NA,NA,NA,NA,NA,127.216944444444,417,1443,논현로 생태통로,인천광역시 남동구 논현동 698,논현로,0,왕복4차선,37.6788888888889,37.6788888888889
549,NA,NA,NA,NA,NA,NA,NA,NA,127.200555555556,418,1444,앵고개로생태통로,인천광역시 남동구 논현동 787,앵고개로,0,왕복5차선,37.6608333333333,37.6608333333333
550,NA,NA,NA,NA,NA,NA,NA,NA,128.594444444444,419,1445,월정사,강원도 평창군 진부면 동산리,상원사진입도로,없음,2차선,37.7267222222222,37.7267222222222
551,NA,NA,NA,NA,NA,NA,NA,NA,127.801666666667,420,1447,갈운생태통로,경기도 양평군 청운면 갈운리 산1-4,국도,6,왕복2차선,37.5327777777778,37.5327777777778
552,NA,NA,NA,NA,NA,NA,NA,NA,128.467225,421,1448,옥녀봉생태통로,경상북도 영주시 봉현면 두산리 산32-8,시도,2호선,왕복2차선,36.8440138888889,36.8440138888889
553,NA,NA,NA,NA,NA,NA,NA,NA,128.294727777778,422,1449,,경상북도 고령군 대가야읍 내곡리,군도,6호선,왕복2차선,35.6767472222222,35.6767472222222
554,NA,NA,NA,NA,NA,NA,NA,NA,128.370916666667,423,1450,,경상북도 고령군 다산면 송곡리 산74,다산산단로,중로,왕복4차선,35.7982055555556,35.7982055555556
555,NA,NA,NA,NA,NA,NA,NA,NA,128.976955555556,424,1451,상밖산재,경상북도 청송군 현서면 무계리 산 54-8,군도,무계-갈천,왕복2차선,36.1754555555556,36.1754555555556
556,NA,NA,NA,NA,NA,NA,NA,NA,129.061502777778,425,1452,논골재,경상북도 청송군 파천면 신기리 산41-7,군도,송강-옹점,왕복2차선,36.4829027777778,36.4829027777778
557,NA,NA,NA,NA,NA,NA,NA,NA,129.047136391534,426,1453,갈비재,경상북도 청송군 파천면 신흥리 852,군도,금곡2-신흥,왕복2차선,36.4069099052296,36.4069099052296
558,NA,NA,NA,NA,NA,NA,NA,NA,127.127602777778,427,1455,,경기도 연천군 연천읍 고문리 ,현문로,지방도78번,왕복2차선,38.0673777777778,38.0673777777778
559,NA,NA,NA,NA,NA,NA,NA,NA,127.203888888889,428,1456,동물이동통로,세종특별자치시 소정면 고등리 74-21,시도,32,왕복2차선,36.7111111111111,36.7111111111111
560,NA,NA,NA,NA,NA,NA,NA,NA,127.11915,429,1457,못토재 생태통로,전라북도 순창군 풍산면 죽곡리 725번지,지방도,729,왕복2차선,35.35865,35.35865
561,NA,NA,NA,NA,NA,NA,NA,NA,129.238580178162,430,1459,부산포항선 55.3k(범서IC),울산광역시 울주군 범서읍 척과리 산255-10,부산포항선,(고속국도 65호선),왕복4차선,35.5594556489945,35.5594556489945
562,NA,NA,NA,NA,NA,NA,NA,NA,127.967413888889,431,1460,광주대구선 125.8k,경상남도 거창군 남하면 둔마리 925-3(광주대구선 125.8k),광주대구선 125.8k,12,왕복4차선,35.707475,35.707475
563,NA,NA,NA,NA,NA,NA,NA,NA,127.225844444444,432,1461,선암생태통로,전라남도 보성군 벌교읍 옥전리,산115,30,왕복2차선,34.8464055555556,34.8464055555556
564,NA,NA,NA,NA,NA,NA,NA,NA,127.124138888889,433,1462,광주대구선 28.80k,전라북도 순창군 순창읍 백산리 366-1,광주대구선,제12호선,왕복4차선,35.3661666666667,35.3661666666667
565,NA,NA,NA,NA,NA,NA,NA,NA,127.378672222222,434,1463,녹박재,경기도 안성시 삼죽면 진촌리 산16-1,국도,38호선,왕복4차선,37.0678805555556,37.0678805555556
566,NA,NA,NA,NA,NA,NA,NA,NA,127.361777777778,435,1464,광주대구선 52.63k(교룡산터널),전라북도 남원시 신정동,광주대구선,제12호선,왕복4차선,35.4231666666667,35.4231666666667
567,NA,NA,NA,NA,NA,NA,NA,NA,127.560277777778,436,1465,광주대구선 74.37k(사치터널),전라북도 남원시 아영면 아곡리,광주대구선,제12호선,왕복4차선,35.4783611111111,35.4783611111111
568,NA,NA,NA,NA,NA,NA,NA,NA,127.249638888889,437,1466,광주대구선 41.09k,전라북도 남원시 대강면 옥택리 ,광주대구선,제12호선,왕복4차선,35.38675,35.38675
569,NA,NA,NA,NA,NA,NA,NA,NA,127.692138888889,438,1467,광주대구선 89.58k,경상북도 함양군 병곡면 도천리,광주대구선,제12호선,왕복4차선,35.5429444444444,35.5429444444444
570,NA,NA,NA,NA,NA,NA,NA,NA,128.215388888889,439,1468,구천통로,경상남도 진주시 진성면 구천리 산120-4,국도,2호선,왕복4차선,35.1691611111111,35.1691611111111
571,NA,NA,NA,NA,NA,NA,NA,NA,127.828194444444,440,1469,삼봉산 생태통로,전라북도 무주군 무풍면 삼거리 138-47,국도,37,왕복2차선,35.8733055555556,35.8733055555556
572,NA,NA,NA,NA,NA,NA,NA,NA,127.824861111111,441,1470,덕유산 생태통로,전라북도 무주군 무풍면 삼공리 951-3,국도 ,37,왕복2차선,35.8700555555556,35.8700555555556
573,NA,NA,NA,NA,NA,NA,NA,NA,127.824861111111,442,1471,삼봉산 생태통로,전라북도 무주군 무풍면 삼거리 1-12,국도,37,왕복2차선,35.8700555555556,35.8700555555556
574,NA,NA,NA,NA,NA,NA,NA,NA,127.757444444444,443,1472,덕유산 생태통로,전라북도 무주군 설천면 심곡리 343-5,국도,37,왕복2차선,35.9205555555556,35.9205555555556
575,NA,NA,NA,NA,NA,NA,NA,NA,127.777194444444,444,1473,거칠봉 생태통로,전라북도 무주군 설천면 두길리 1536-1,국도,37,왕복2차선,35.9735277777778,35.9735277777778
576,NA,NA,NA,NA,NA,NA,NA,NA,126.613388888889,445,1474,부귀1 생태통로,전라북도 고창군 아산면 주진리 산 4-1,국지도,15,왕복4차선,35.4429444444444,35.4429444444444
577,NA,NA,NA,NA,NA,NA,NA,NA,126.611527777778,446,1475,부귀2 생태통로,전라북도 고창군 아산면 학전리 산 122-1,국지도,15,왕복4차선,35.4428055555556,35.4428055555556
578,NA,NA,NA,NA,NA,NA,NA,NA,127.533922085288,447,1476,달궁 생태통로,전라북도 남원시 산내면 덕동리 산 215-17,지방도 ,737,왕복2차선,35.3498345862408,35.3498345862408
579,NA,NA,NA,NA,NA,NA,NA,NA,127.51309928046,448,1477,고기리 생태통로,전라북도 남원시 주천면 고기리 산 107-9,지방도 ,737,왕복2차선,35.3648556443001,35.3648556443001
580,NA,NA,NA,NA,NA,NA,NA,NA,127.321808162559,449,1478,송동 생태통로,전라북도 남원시 송동면 두신리 산16-1,국도,17호선,왕복4차선,35.3517081256551,35.3517081256551
581,NA,NA,NA,NA,NA,NA,NA,NA,126.828791666667,450,1479,입암,전라북도 정읍시 입암면 신면리 산18-1,국도,1호선,왕복4차선,35.5184083333333,35.5184083333333
582,NA,NA,NA,NA,NA,NA,NA,NA,127.467302777778,451,1481,,충청북도 청주시 서원구 수곡동 577-1 ,1순환로,1순환로,왕복6차선,36.6223888888889,36.6223888888889
583,NA,NA,NA,NA,NA,NA,NA,NA,127.477841666667,452,1482,,충청북도 청주시 서원구 모충동 260-17,매봉로,매봉로,왕복2차선,36.6240861111111,36.6240861111111
584,NA,NA,NA,NA,NA,NA,NA,NA,128.820616666667,453,1483,연대봉생태터널,부산광역시 강서구 천성동 산222-1,천성대항길,71,왕복1차선,35.0245472222222,35.0245472222222
585,NA,NA,NA,NA,NA,NA,NA,NA,126.803608333333,454,1484,서천공주선 25.70k,충청남도 부여군 구룡면 현암리,서천공주선,고속국도 151호선,왕복4차선,NA,NA
586,NA,NA,NA,NA,NA,NA,NA,NA,127.124166666667,455,1486,광주대구선 28.8k,전라북도 순창군 순창읍 백산리 386-1,-,-,왕복4차선,35.3661111111111,35.3661111111111
587,NA,NA,NA,NA,NA,NA,NA,NA,128.458784306842,456,1487,예천 종산 생태통로,경상북도 예천군 호명면 종산리 산46-1,예천군 호명면 종산리 산46-1,(도로명 없음),왕복4차선,36.6168945335874,36.6168945335874
588,NA,NA,NA,NA,NA,NA,NA,NA,126.526027777778,457,1488,초락생태통로,충청남도 당진시 석문면 삼봉리 산90(송산20.80km),북부산업로,(국도38호선),왕복4차선,37.0041388888889,37.0041388888889
589,NA,NA,NA,NA,NA,NA,NA,NA,127.03825,458,1489,송촌생태통로,충청남도 아산시 음봉면 송촌리 257-10(영인1.08km),국도,43호선,왕복6차선,36.8540555555556,36.8540555555556
590,NA,NA,NA,NA,NA,NA,NA,NA,126.735361111111,459,1490,월계생태통로,충청남도 홍성군 장곡면 월계리 산198 (홍성11.80km),충절로,(국도29호선),왕복4차선,36.5408333333333,36.5408333333333
591,NA,NA,NA,NA,NA,NA,NA,NA,126.694972222222,460,1491,구룡생태통로,충청남도 홍성군 홍성읍 구룡리 122-3임 (홍성5.44km),충절로,(국도29호선),왕복4차선,36.5825,36.5825
592,NA,NA,NA,NA,NA,NA,NA,NA,127.062066666667,461,1492,나주 공산 상방 생태통로,전라남도 나주시 공산면 상방리 산46-4,국도,23호선,왕복4차선,35.5814583333333,35.5814583333333
593,NA,NA,NA,NA,NA,NA,NA,NA,127.368686111111,462,1493,장성 북이 사거 생태통로,전라남도 장성군 북이면 사거리 산41-2,국도,1호선,왕복4차선,35.736925,35.736925
594,NA,NA,NA,NA,NA,NA,NA,NA,128.06375,463,1495,가계통로,경상남도 산청군 생비량면 가계리 산279-3,일반국도,20호선,왕복4차선,35.3601888888889,35.3601888888889
595,NA,NA,NA,NA,NA,NA,NA,NA,128.111783333333,464,1496,마쌍통로,경상남도 의령군 대의면 마쌍리 산99,일반국도,33호선,왕복4차선,35.3819777777778,35.3819777777778
596,NA,NA,NA,NA,NA,NA,NA,NA,127.86125,465,1497,덕신통로,경상남도 남해군 설천면 덕신리 산321-4,일반국도,19호선,왕복4차선,34.9194444444444,34.9194444444444
597,NA,NA,NA,NA,NA,NA,NA,NA,126.824166666667,466,1498,계수터널 생태연결통로,경기도 시흥시 계수동 369-22,범안로,(시도6호선),왕복4차선,37.4458333333333,37.4458333333333
598,NA,NA,NA,NA,NA,NA,NA,NA,127.717297222222,467,1499,용산리 생태통로,강원도 춘천시 신북읍 용산리 산25-1번지 일대,국도,5호선,왕복4차선,37.9580416666667,37.9580416666667
599,NA,NA,NA,NA,NA,NA,NA,NA,127.758288888889,468,1500,학곡리 생태통로,강원도 춘천시 동내면 학곡리 산68-2번지 일대,국도,5호선,왕복2차선,37.8166388888889,37.8166388888889
600,NA,NA,NA,NA,NA,NA,NA,NA,127.776793564164,469,1501,거두리 생태통로,강원도 춘천시 동내면 거두리 산88-14번지 일대,국도,5호선,왕복2차선,37.8697527760023,37.8697527760023
601,NA,NA,NA,NA,NA,NA,NA,NA,127.128082148235,470,1502,샛다리 생태통로,경기도 구리시 교문동 418-2 샛다리어린이공원,아차산로, 45번길,왕복2차선,37.5915035467392,37.5915035467392
602,NA,NA,NA,NA,NA,NA,NA,NA,128.206555555556,471,1503,대구국토1(매수1 생태통로),경상북도 성주군 벽진면 매수1리,국도,30,왕복2차선,35.9407777777778,35.9407777777778
603,NA,NA,NA,NA,NA,NA,NA,NA,128.193388888889,472,1504,대구국토2(매수2 생태통로),경상북도 성주군 벽진면 매수리,국도,30,왕복2차선,35.9335833333333,35.9335833333333
604,NA,NA,NA,NA,NA,NA,NA,NA,127.120411031245,473,1505,천보산 어하고개 생태통로,경기도 양주시 율정동 산57-2,어하고개로,1,왕복2차선,37.8093468048251,37.8093468048251
605,NA,NA,NA,NA,NA,NA,NA,NA,126.950277777778,474,1506,분천생태통로,경기도 화성시 봉담읍 분천리 437-14,-,-,왕복4차선,37.1936111111111,37.1936111111111
606,NA,NA,NA,NA,NA,NA,NA,NA,128.211244444444,475,1507,마암생태통로,강원도 횡성군 둔내면 마암2리 산281-4번지 일대,일반국도,6호선,왕복2차선,37.5420805555556,37.5420805555556
607,NA,NA,NA,NA,NA,NA,NA,NA,128.255583333333,476,1508,삽교리 생태통로1,강원도 횡성군 둔내면 삽교리 산302번지 일대,일반국도,6호선,왕복2차선,37.5802222222222,37.5802222222222
608,NA,NA,NA,NA,NA,NA,NA,NA,128.25775,477,1509,삽교리 생태통로2,강원도 횡성군 둔내면 삽교리 산306번지 일대,일반국도,6호선,왕복2차선,37.5811861111111,37.5811861111111
609,NA,NA,NA,NA,NA,NA,NA,NA,128.267905555556,478,1510,삽교리 생태통로3,강원도 횡성군 둔내면 삽교리 101전 일대,일반국도,6호선,왕복2차선,37.581925,37.581925
610,NA,NA,NA,NA,NA,NA,NA,NA,127.114722222222,479,1511,귀락 생태통로,경기도 의정부시 자일동 산 56-15,민락로,중로1-29,왕복4차선,37.7552777777778,37.7552777777778
611,NA,NA,NA,NA,NA,NA,NA,NA,127.029444444444,480,1512,사패 생태통로,경기도 의정부시 의정부동 산 4-7,서부순환로,광로3-1,왕복6차선,37.7369444444444,37.7369444444444
612,NA,NA,NA,NA,NA,NA,NA,NA,127.060833333333,481,1513,장암 생태통로,경기도 의정부시 장암동 산 21-14,동일로,대로1-2,왕복12차선,37.7141666666667,37.7141666666667
613,NA,NA,NA,NA,NA,NA,NA,NA,127.069166666667,482,1514,효자봉 생태통로,경기도 의정부시 신곡동 산 25-23,금신로,대로3-5,왕복6차선,37.74,37.74
614,NA,NA,NA,NA,NA,NA,NA,NA,127.811736111111,483,1515,갈사만진입도로3호선 생태이동로,경상남도 하동군 금성면 가덕리 산173-16번지 일원,갈사만진입도로,3호선,왕복4차선,34.9773472222222,34.9773472222222
615,NA,NA,NA,NA,NA,NA,NA,NA,126.973172222222,484,1516,동물이동통로,경기도 의왕시 고천동   산 55-5 (서수원~의왕간 고속화도로 13.07km) ,서수원∼의왕간고속화도로 지방도,309호선 ,왕복6~8차선,37.3366111111111,37.3366111111111
616,NA,NA,NA,NA,NA,NA,NA,NA,126.966388888889,485,1517,절토육교,경기도 의왕시 월암동  산 46-3 (서수원~의왕간 고속화도로 13.07km) ,서수원∼의왕간고속화도로 지방도,309호선 ,왕복6~8차선,37.3172333333333,37.3172333333333
617,NA,NA,NA,NA,NA,NA,NA,NA,129.091388888889,486,1518,동해선 16.60k(지흥터널),강원도 동해시 지흥동,동해선,65,왕복4차선,37.50025,37.50025
618,NA,NA,NA,NA,NA,NA,NA,NA,128.579222222222,487,1519,동해선 110.31k(강현1터널),강원도 양양군 강현면 석교리,동해선,65,왕복4차선,38.12875,38.12875
619,NA,NA,NA,NA,NA,NA,NA,NA,128.585055555556,488,1520,동해선 112.82k(강현2터널),강원도 양양군 강현면 강선리,동해선,65,왕복4차선,38.1504166666667,38.1504166666667
620,NA,NA,NA,NA,NA,NA,NA,NA,128.557777777778,489,1521,동해선 117.93k(노학터널),강원도 속초시 노학동,동해선,65,왕복4차선,38.1801388888889,38.1801388888889
621,NA,NA,NA,NA,NA,NA,NA,NA,128.015194444444,490,1522,서울양양선 82.96k,강원도 홍천군 화촌면 군업리 산220-12,서울양양선,60,왕복4차선,37.75775,37.75775
622,NA,NA,NA,NA,NA,NA,NA,NA,128.042888888889,491,1523,서울양양선 85.43k,강원도 홍천군 화촌면 장평리 산236-1,서울양양선,60,왕복4차선,37.7546944444444,37.7546944444444
623,NA,NA,NA,NA,NA,NA,NA,NA,128.12425,492,1524,서울양양선 93.84k,강원도 홍천군 내촌면 와야리 산266-1,서울양양선,60,왕복4차선,37.7880833333333,37.7880833333333
624,NA,NA,NA,NA,NA,NA,NA,NA,128.222583333333,493,1525,서울양양선 104.86k,강원도 인제군 상남면 상남리,서울양양선,60,왕복4차선,37.8274722222222,37.8274722222222
625,NA,NA,NA,NA,NA,NA,NA,NA,128.227222222222,494,1526,서울양양선 105.19k,강원도 인제군 상남면 상남리,서울양양선,60,왕복4차선,37.8309722222222,37.8309722222222
626,NA,NA,NA,NA,NA,NA,NA,NA,127.1925,495,1527,갈매생태통로,경기도 경기 구리시 갈매동 산 69-183,갈매동 산 69-183,도로명미부여,왕복4차선,38.0333333333333,38.0333333333333
627,NA,NA,NA,NA,NA,NA,NA,NA,126.973172222222,496,1528,동물이동통로,경기도 의왕시 고천동 산55-5,지방도,309호선,왕복6차선,37.3366111111111,37.3366111111111
628,NA,NA,NA,NA,NA,NA,NA,NA,126.966388888889,497,1529,절토육교,경기도 의왕시 월암동 산46-3,지방도,309호선,왕복6차선,37.3172333333333,37.3172333333333
629,NA,NA,NA,NA,NA,NA,NA,NA,127.098333333333,498,1530,낙양 생태통로,경기도 의정부시 낙양동 산116-1,신평화로,대로3-42,왕복6차선,37.7531388888889,37.7531388888889
630,NA,NA,NA,NA,NA,NA,NA,NA,127.463333333333,499,1531,회곡 생태통로,경기도 가평군 설악면 회곡리 841,국도,37호선,왕복2차선,37.6866666666667,37.6866666666667
631,NA,NA,NA,NA,NA,NA,NA,NA,127.098055555556,500,1532,민락 생태통로,경기도 의정부시 낙양동 산116-1,국대도,3호선,왕복6차선,37.7533333333333,37.7533333333333
632,NA,NA,NA,NA,NA,NA,NA,NA,127.073333333333,501,1533,고암 생태통로,경기도 양주시 고암동 산44-3,국대도,3호선,왕복6차선,37.8266666666667,37.8266666666667
633,NA,NA,NA,NA,NA,NA,NA,NA,127.496666666667,502,1534,생태육교 생태통로,경기도 가평군 청평면 고성리 산79-1,국도,75호선,왕복2차선,37.7086111111111,37.7086111111111
634,NA,NA,NA,NA,NA,NA,NA,NA,126.632911111111,503,1535,옥암생태통로,충청남도 홍성군 홍성읍 옥암리 874-2 (해미21.7Km),남부순환로,(국도29호선),왕복4차선,36.5856222222222,36.5856222222222
635,NA,NA,NA,NA,NA,NA,NA,NA,126.632888888889,504,1536,구항생태통로,충청남도 홍성군 홍성읍 월산리 산 186-2 (해미21.7Km),구항길,(구국도),왕복2차선,36.5867333333333,36.5867333333333
636,NA,NA,NA,NA,NA,NA,NA,NA,126.973172222222,505,1537,동물이동통로,경기도 의왕시 고천동 산55-5,서수원~의왕간 도로,지방도309호선,왕복6차선,37.3366111111111,37.3366111111111
637,NA,NA,NA,NA,NA,NA,NA,NA,126.966388888889,506,1538,절토육교,경기도 의왕시 월암동 산46-3,서수원~의왕간 도로,지방도309호선,왕복6차선,37.3172333333333,37.3172333333333
638,NA,NA,NA,NA,NA,NA,NA,NA,127.865472222222,507,1539,신단생태통로,경상남도 거창군 고제면 봉계리,신단로,1,왕복2차선,35.8988888888889,35.8988888888889
639,NA,NA,NA,NA,NA,NA,NA,NA,129.158555555556,508,1540,,부산광역시 기장군 정관읍 모전리,지방도,60,왕복4차선,35.3459722222222,35.3459722222222
640,NA,NA,NA,NA,NA,NA,NA,NA,127.252638888889,509,1541,계룡생태통로,충청남도 공주시 반포면 학봉리,계룡대로,1,왕복2차선,36.3461944444444,36.3461944444444
641,NA,NA,NA,NA,NA,NA,NA,NA,126.636777777778,510,1542,남부생태통로,충청남도 홍성군 홍성읍 옥암리,국도,29,왕복4차선,36.5809722222222,36.5809722222222
642,NA,NA,NA,NA,NA,NA,NA,NA,127.801222222222,511,1543,용화생태통로,경상북도 상주시 화북면 운흥리,국도,37,왕복2차선,36.5945833333333,36.5945833333333
643,NA,NA,NA,NA,NA,NA,NA,NA,128.216888888889,512,1544,,경상남도 진주시 진성면 구천리,국도,2,왕복4차선,35.1690833333333,35.1690833333333
644,NA,NA,NA,NA,NA,NA,NA,NA,127.122305555556,513,1545,,전라남도 보성군 득량면 삼정리,국도,2,왕복4차선,34.7741944444444,34.7741944444444
645,NA,NA,NA,NA,NA,NA,NA,NA,128.015138888889,514,1546,,강원도 홍천군 화촌면 군업리  산220-12,고속도로,60,왕복4차선,37.7576666666667,37.7576666666667
646,NA,NA,NA,NA,NA,NA,NA,NA,128.124666666667,515,1547,,강원도 홍천군 내촌면 물걸리  산386-2,고속도로,60,왕복4차선,37.7882222222222,37.7882222222222
647,NA,NA,NA,NA,NA,NA,NA,NA,128.228305555556,516,1548,,강원도 인제군 상남면 상남리  1627-5,고속도로,60,왕복4차선,37.8343333333333,37.8343333333333
648,NA,NA,NA,NA,NA,NA,NA,NA,128.226194444444,517,1549,,강원도 인제군 상남면 상남리  1649-5,고속,60,왕복4차선,37.8314166666667,37.8314166666667
649,NA,NA,NA,NA,NA,NA,NA,NA,127.120416666667,518,1550,어하생태통로,경기도 포천시 소흘읍 이동교리,부흥로,9,왕복2차선,37.8094166666667,37.8094166666667
650,NA,NA,NA,NA,NA,NA,NA,NA,127.378555555556,519,1551,,경기도 안성시 삼죽면 진촌리,국도,38,왕복2차선,37.0679166666667,37.0679166666667
651,NA,NA,NA,NA,NA,NA,NA,NA,128.007194444444,520,1552,,경상북도 김천시 봉산면 광천리,국도,4,왕복4차선,36.2025277777778,36.2025277777778
652,NA,NA,NA,NA,NA,NA,NA,NA,128.610404326284,521,1553,,강원도 강릉시 연곡면 삼산리,국도,6,왕복4차선,37.7666125589641,37.7666125589641
653,NA,NA,NA,NA,NA,NA,NA,NA,127.545842692961,522,1554,,전라북도 장수군 번암면 유정리 ,고속,12,왕복4차선,35.4780164104611,35.4780164104611
654,NA,NA,NA,NA,NA,NA,NA,NA,127.560972222222,523,1555,,전라북도 장수군 번암면 노단리,지방도,751,왕복2차선,35.531,35.531
655,NA,NA,NA,NA,NA,NA,NA,NA,128.001333333333,524,1556,,경상북도 김천시 봉산면 광천리,고속,1,왕복6차선,36.2033888888889,36.2033888888889
656,NA,NA,NA,NA,NA,NA,NA,NA,128.00475,525,1557,,경상북도 김천시 봉산면 광천리,봉산로,1,왕복2차선,36.2022222222222,36.2022222222222
657,NA,NA,NA,NA,NA,NA,NA,NA,127.168888888889,526,1558,,경기도 포천시 소흘읍 직동리,지방도,98,왕복2차선,37.7530833333333,37.7530833333333
658,NA,NA,NA,NA,NA,NA,NA,NA,129.181305555556,527,1559,,울산광역시 울주군 두서면 활천리,고속,1,왕복4차선,35.6832777777778,35.6832777777778
659,NA,NA,NA,NA,NA,NA,NA,NA,127.267722222222,528,1560,,충청남도 천안시 서북구 입장면,지방,57,왕복2차선,36.8878888888889,36.8878888888889
660,NA,NA,NA,NA,NA,NA,NA,NA,126.990888888889,529,1561,모락산터널,경기도 의왕시 내손동 산142번지,시도,125호선,왕복2차선,37.37525,37.37525
661,NA,NA,NA,NA,NA,NA,NA,NA,127.245583333333,530,1562,용암,전라북도 완주군 상관면 용암리 666번지,국도,17호선,왕복4차선,35.7001361111111,35.7001361111111
662,NA,NA,NA,NA,NA,NA,NA,NA,129.337247222222,531,1564,삼척노곡,강원도 삼척시 원덕읍 노곡리 산146-3,국도 ,7호선,왕복4차선,37.2092194444445,37.2092194444445
663,NA,NA,NA,NA,NA,NA,NA,NA,126.966388888889,532,1565,절토육교,경기도 의왕시 월암동 산46-3,서수원~의왕간 도로,지방도 309호선,왕복6차선,37.3172333333333,37.3172333333333
664,NA,NA,NA,NA,NA,NA,NA,NA,126.973172222222,533,1566,동물이동통로,경기도 의왕시 고천동 산55-5 ,서수원~의왕간 도로,지방도309호선,왕복6차선,37.3366111111111,37.3366111111111
665,NA,NA,NA,NA,NA,NA,NA,NA,127.228675,534,1567,,경기도 영중면 거사리 산3-22번지 일원,중로,3-30,왕복2차선,37.9918333333333,37.9918333333333
666,NA,NA,NA,NA,NA,NA,NA,NA,127.164813888889,535,1568,한북정맥(비득재) 생태축,경기도 소흘읍 직동리 산9-5번지 일원(죽엽산 비득재),지방도,383,왕복2차선,37.7862777777778,37.7862777777778
